﻿<?xml version="1.0" encoding="utf-8"?>
<deployment>
  <id>fb52ca80706645499e1b2553d94ca494</id>
  <author>N/A</author>
  <deployer>OneDeploy</deployer>
  <authorEmail>N/A</authorEmail>
  <message>OneDeploy</message>
  <progress></progress>
  <status>Success</status>
  <statusText></statusText>
  <lastSuccessEndTime>2026-01-07T17:40:10.1726324Z</lastSuccessEndTime>
  <receivedTime>2026-01-07T17:40:09.1257512Z</receivedTime>
  <startTime>2026-01-07T17:40:09.1882456Z</startTime>
  <endTime>2026-01-07T17:40:10.1726324Z</endTime>
  <complete>True</complete>
  <is_temp>False</is_temp>
  <is_readonly>True</is_readonly>
  <project_type>OneDeploy</project_type>
  <vsproject_id></vsproject_id>
</deployment>