﻿<?xml version="1.0" encoding="utf-8"?>
<deployment>
  <id>8eb5af11a3e3449ea3a459b9c1e539d5</id>
  <author>N/A</author>
  <deployer>OneDeploy</deployer>
  <authorEmail>N/A</authorEmail>
  <message>OneDeploy</message>
  <progress></progress>
  <status>Success</status>
  <statusText></statusText>
  <lastSuccessEndTime>2026-01-07T17:36:44.0442788Z</lastSuccessEndTime>
  <receivedTime>2026-01-07T17:36:41.1692501Z</receivedTime>
  <startTime>2026-01-07T17:36:41.2161259Z</startTime>
  <endTime>2026-01-07T17:36:44.0442788Z</endTime>
  <complete>True</complete>
  <is_temp>False</is_temp>
  <is_readonly>True</is_readonly>
  <project_type>OneDeploy</project_type>
  <vsproject_id></vsproject_id>
</deployment>