﻿<?xml version="1.0" encoding="utf-8"?>
<deployment>
  <id>98c123092f4c43fa87fdff6f3db48a7c</id>
  <author>N/A</author>
  <deployer>OneDeploy</deployer>
  <authorEmail>N/A</authorEmail>
  <message>OneDeploy</message>
  <progress></progress>
  <status>Success</status>
  <statusText></statusText>
  <lastSuccessEndTime>2026-01-07T17:46:05.2540463Z</lastSuccessEndTime>
  <receivedTime>2026-01-07T17:46:02.0344525Z</receivedTime>
  <startTime>2026-01-07T17:46:02.09695Z</startTime>
  <endTime>2026-01-07T17:46:05.2540463Z</endTime>
  <complete>True</complete>
  <is_temp>False</is_temp>
  <is_readonly>True</is_readonly>
  <project_type>OneDeploy</project_type>
  <vsproject_id></vsproject_id>
</deployment>