﻿<?xml version="1.0" encoding="utf-8"?>
<deployment>
  <id>09eb048dd3ae43d38cb5aa46a5173d28</id>
  <author>N/A</author>
  <deployer>OneDeploy</deployer>
  <authorEmail>N/A</authorEmail>
  <message>OneDeploy</message>
  <progress></progress>
  <status>Success</status>
  <statusText></statusText>
  <lastSuccessEndTime>2026-01-07T17:48:20.7260169Z</lastSuccessEndTime>
  <receivedTime>2026-01-07T17:48:19.679136Z</receivedTime>
  <startTime>2026-01-07T17:48:19.741639Z</startTime>
  <endTime>2026-01-07T17:48:20.7260169Z</endTime>
  <complete>True</complete>
  <is_temp>False</is_temp>
  <is_readonly>True</is_readonly>
  <project_type>OneDeploy</project_type>
  <vsproject_id></vsproject_id>
</deployment>