﻿<?xml version="1.0" encoding="utf-8"?>
<deployment>
  <id>99c104d9d0324feab8b4dc53417f5f31</id>
  <author>N/A</author>
  <deployer>OneDeploy</deployer>
  <authorEmail>N/A</authorEmail>
  <message>OneDeploy</message>
  <progress></progress>
  <status>Success</status>
  <statusText></statusText>
  <lastSuccessEndTime>2026-01-07T18:01:51.4372666Z</lastSuccessEndTime>
  <receivedTime>2026-01-07T18:01:47.9059856Z</receivedTime>
  <startTime>2026-01-07T18:01:47.9684861Z</startTime>
  <endTime>2026-01-07T18:01:51.4372666Z</endTime>
  <complete>True</complete>
  <is_temp>False</is_temp>
  <is_readonly>True</is_readonly>
  <project_type>OneDeploy</project_type>
  <vsproject_id></vsproject_id>
</deployment>