{"TimeStamp":"2026-01-07T18:08:21Z","SiteName":"sa-compliance-api-2026","RequestId":"bca4617a-ebf3-11f0-99aa-2016b9389b03","Kind":"OneDeploy","Status":"Success","Details":"{\"Id\":\"b91eab4717284cc1b8a98315f55dfa61\",\"Status\":4,\"StatusText\":\"\",\"AuthorEmail\":\"N/A\",\"Author\":\"N/A\",\"Message\":\"OneDeploy\",\"Progress\":\"\",\"Deployer\":\"OneDeploy\",\"ReceivedTime\":\"2026-01-07T18:08:20.4645998Z\",\"StartTime\":\"2026-01-07T18:08:20.5270997Z\",\"EndTime\":\"2026-01-07T18:08:21.777112Z\",\"LastSuccessEndTime\":\"2026-01-07T18:08:21.777112Z\",\"Complete\":true,\"IsTemporary\":false,\"IsReadOnly\":true,\"SiteName\":\"sa-compliance-api-2026\",\"HostName\":\"sa-compliance-api-2026.scm.azurewebsites.net\",\"ProjectType\":\"OneDeploy\",\"VsProjectId\":null}"}