﻿<?xml version="1.0" encoding="utf-8"?>
<deployment>
  <id>b91eab4717284cc1b8a98315f55dfa61</id>
  <author>N/A</author>
  <deployer>OneDeploy</deployer>
  <authorEmail>N/A</authorEmail>
  <message>OneDeploy</message>
  <progress></progress>
  <status>Success</status>
  <statusText></statusText>
  <lastSuccessEndTime>2026-01-07T18:08:21.777112Z</lastSuccessEndTime>
  <receivedTime>2026-01-07T18:08:20.4645998Z</receivedTime>
  <startTime>2026-01-07T18:08:20.5270997Z</startTime>
  <endTime>2026-01-07T18:08:21.777112Z</endTime>
  <complete>True</complete>
  <is_temp>False</is_temp>
  <is_readonly>True</is_readonly>
  <project_type>OneDeploy</project_type>
  <vsproject_id></vsproject_id>
</deployment>