<step title="Incoming Request" date="2026-01-07T17:22:05.133" instance="79e06d" url="/api/zipdeploy?isAsync=true" method="POST" type="request" pid="9960,2,7" Cache-Control="no-cache" Connection="Keep-Alive" Content-Length="41982789" Content-Type="application/octet-stream" Accept="*/*" Accept-Encoding="gzip, deflate" Authorization="Bea..." Host="sa-compliance-api-2026.scm.azurewebsites.net" User-Agent="AZURECLI/2.80.0 (MSI)" x-ms-client-request-id="5a562b42-ebed-11f0-82c0-2016b9389b03" X-ARR-LOG-ID="5a562b42-ebed-11f0-82c0-2016b9389b03" CLIENT-IP="197.221.102.21:61821" X-SITE-DEPLOYMENT-ID="sa-compliance-api-2026" WAS-DEFAULT-HOSTNAME="sa-compliance-api-2026.scm.azurewebsites.net" X-Forwarded-Proto="https" X-AppService-Proto="https" X-Forwarded-TlsVersion="1.3" X-WAWS-Unencoded-URL="/api/zipdeploy?isAsync=true" X-MS-COLDSTART="1" >
  <step title="ZipPushDeploy" date="2026-01-07T17:22:05.649" >
    <step title="ZipDeploy. Extract zip. " date="2026-01-07T17:22:05.664" /><!-- duration: 0ms -->
    <step title="Starting PushDeployAsync" date="2026-01-07T17:22:05.680" /><!-- duration: 0ms -->
    <step title="Updating shutdown sentinel last write time" date="2026-01-07T17:22:05.727" SemaphoreCount="7" /><!-- duration: 0ms -->
    <step title="LockFile &apos;C:\home\site\locks\deployments.lock&apos; acquired" date="2026-01-07T17:22:05.727" /><!-- duration: 0ms -->
    <step title="Saving request content to C:\local\Temp\zipdeploy\ejmcnpdr.zip" date="2026-01-07T17:22:05.727" >
      <step title="Writing 25,112,576 bytes to C:\local\Temp\zipdeploy\ejmcnpdr.zip" date="2026-01-07T17:22:35.731" /><!-- duration: 0ms -->
      <step title="Total 41,982,789 bytes written to C:\local\Temp\zipdeploy\ejmcnpdr.zip" date="2026-01-07T17:22:51.325" /><!-- duration: 0ms -->
    </step><!-- duration: 45598ms -->
    <step title="LockFile &apos;C:\home\site\locks\deployments.lock&apos; released" date="2026-01-07T17:22:51.325" /><!-- duration: 0ms -->
    <step title="Deleting shutdown sentinel file" date="2026-01-07T17:22:51.341" SemaphoreCount="8" /><!-- duration: 0ms -->
    <step title="Starting FetchDeploy" date="2026-01-07T17:22:51.341" /><!-- duration: 0ms -->
    <step title="Start deployment in the background" date="2026-01-07T17:22:51.341" /><!-- duration: 78ms -->
  </step><!-- duration: 45770ms -->
  <step title="Outgoing response" date="2026-01-07T17:22:51.450" type="response" statusCode="202" statusText="Accepted" Server="Microsoft-IIS/10.0" x-ms-request-id="5a562b42-ebed-11f0-82c0-2016b9389b03" Retry-After="30" Cache-Control="private" X-AspNet-Version="4.0.30319" Location="https://sa-compliance-api-2026.scm.azurewebsites.net/api/deployments/latest?deployer=ZipDeploy&amp;time=2026-01-07_17-22-51Z" /><!-- duration: 0ms -->
</step><!-- duration: 46317ms -->
