<step title="Incoming Request" date="2026-01-07T18:07:40.360" instance="79e06d" url="/api/publish?type=zip" method="POST" type="request" pid="1508,2,9" Cache-Control="no-cache" Connection="Keep-Alive" Content-Length="42006995" Content-Type="application/octet-stream" Accept="*/*" Accept-Encoding="gzip, deflate" Authorization="Bea..." Host="sa-compliance-api-2026.scm.azurewebsites.net" User-Agent="AZURECLI/2.80.0 (MSI)" x-ms-client-request-id="bca4617a-ebf3-11f0-99aa-2016b9389b03" X-ARR-LOG-ID="bca4617a-ebf3-11f0-99aa-2016b9389b03" CLIENT-IP="197.221.102.21:62405" X-SITE-DEPLOYMENT-ID="sa-compliance-api-2026" WAS-DEFAULT-HOSTNAME="sa-compliance-api-2026.scm.azurewebsites.net" X-Forwarded-Proto="https" X-AppService-Proto="https" X-Forwarded-TlsVersion="1.3" X-WAWS-Unencoded-URL="/api/publish?type=zip" X-MS-COLDSTART="1" >
  <step title="OneDeploy" date="2026-01-07T18:07:40.891" >
    <step title="Starting PushDeployAsync" date="2026-01-07T18:07:40.907" /><!-- duration: 0ms -->
    <step title="Updating shutdown sentinel last write time" date="2026-01-07T18:07:40.954" SemaphoreCount="7" /><!-- duration: 0ms -->
    <step title="LockFile &apos;C:\home\site\locks\deployments.lock&apos; acquired" date="2026-01-07T18:07:40.954" /><!-- duration: 0ms -->
    <step title="Saving request content to C:\local\Temp\zipdeploy\k0rtlvy5.zip" date="2026-01-07T18:07:40.969" >
      <step title="Writing 35,401,728 bytes to C:\local\Temp\zipdeploy\k0rtlvy5.zip" date="2026-01-07T18:08:10.975" /><!-- duration: 0ms -->
      <step title="Total 42,006,995 bytes written to C:\local\Temp\zipdeploy\k0rtlvy5.zip" date="2026-01-07T18:08:18.964" /><!-- duration: 0ms -->
    </step><!-- duration: 37995ms -->
    <step title="LockFile &apos;C:\home\site\locks\deployments.lock&apos; released" date="2026-01-07T18:08:18.980" /><!-- duration: 0ms -->
    <step title="Deleting shutdown sentinel file" date="2026-01-07T18:08:18.980" SemaphoreCount="8" /><!-- duration: 0ms -->
    <step title="Starting FetchDeploy" date="2026-01-07T18:08:18.980" /><!-- duration: 0ms -->
    <step title="Attempting to fetch target branch HEAD" date="2026-01-07T18:08:18.995" /><!-- duration: 0ms -->
    <step title="Updating shutdown sentinel last write time" date="2026-01-07T18:08:18.995" SemaphoreCount="7" /><!-- duration: 0ms -->
    <step title="LockFile &apos;C:\home\site\locks\deployments.lock&apos; acquired" date="2026-01-07T18:08:18.995" /><!-- duration: 0ms -->
    <step title="Performing fetch based deployment" date="2026-01-07T18:08:19.011" >
      <step title="Creating temporary deployment" date="2026-01-07T18:08:19.011" /><!-- duration: 31ms -->
      <step title="Fetching changes." date="2026-01-07T18:08:19.073" /><!-- duration: 0ms -->
      <step title="Starting LocalZipHandler" date="2026-01-07T18:08:19.089" /><!-- duration: 0ms -->
      <step title="Starting LocalZipFetch" date="2026-01-07T18:08:19.105" /><!-- duration: 0ms -->
      <step title="Cleaning up temp folders from previous zip deployments and extracting pushed zip file C:\local\Temp\zipdeploy\k0rtlvy5.zip (40.06 MB) to C:\local\Temp\zipdeploy\extracted" date="2026-01-07T18:08:19.105" /><!-- duration: 0ms -->
      <step title="Cleaning up temp folders from previous zip deployments and extracting pushed zip file C:\local\Temp\zipdeploy\k0rtlvy5.zip (40.06 MB) to C:\local\Temp\zipdeploy\extracted" date="2026-01-07T18:08:19.105" >
        <step title="Extracting 131 entries to C:\local\Temp\zipdeploy\extracted directory" date="2026-01-07T18:08:19.120" >
          <step title="Extracting to C:\local\Temp\zipdeploy\extracted\LatoFont\Lato-Black.ttf ..." date="2026-01-07T18:08:19.120" /><!-- duration: 31ms -->
          <step title="Extracting to C:\local\Temp\zipdeploy\extracted\LatoFont\Lato-BlackItalic.ttf ..." date="2026-01-07T18:08:19.152" /><!-- duration: 0ms -->
          <step title="Extracting to C:\local\Temp\zipdeploy\extracted\LatoFont\Lato-Bold.ttf ..." date="2026-01-07T18:08:19.167" /><!-- duration: 0ms -->
          <step title="Extracting to C:\local\Temp\zipdeploy\extracted\LatoFont\Lato-BoldItalic.ttf ..." date="2026-01-07T18:08:19.167" /><!-- duration: 16ms -->
          <step title="Extracting to C:\local\Temp\zipdeploy\extracted\LatoFont\Lato-ExtraBold.ttf ..." date="2026-01-07T18:08:19.183" /><!-- duration: 16ms -->
          <step title="Omitting extracting file traces ..." date="2026-01-07T18:08:19.198" /><!-- duration: 16ms -->
        </step><!-- duration: 1328ms -->
      </step><!-- duration: 1344ms -->
      <step title="None repository commit" date="2026-01-07T18:08:20.448" >
        <step title="Commit id: b91eab4717284cc1b8a98315f55dfa61" date="2026-01-07T18:08:20.448" Message="OneDeploy" AuthorName="N/A" AuthorEmail="N/A" /><!-- duration: 0ms -->
      </step><!-- duration: 0ms -->
      <step title="Before sending BuildRequestReceived status to /api/updatedeploystatus" date="2026-01-07T18:08:20.448" /><!-- duration: 0ms -->
      <step title="DeploymentManager.Deploy(id:b91eab4717284cc1b8a98315f55dfa61)" date="2026-01-07T18:08:20.464" >
        <step title="Collecting changeset information" date="2026-01-07T18:08:20.464" /><!-- duration: 16ms -->
        <step title="Updating submodules" date="2026-01-07T18:08:20.480" >
          <step title="Updating submodules." date="2026-01-07T18:08:20.495" /><!-- duration: 0ms -->
        </step><!-- duration: 16ms -->
        <step title="Preparing deployment for commit id &apos;b91eab4717&apos;." date="2026-01-07T18:08:20.511" /><!-- duration: 0ms -->
        <step title="Determining deployment builder" date="2026-01-07T18:08:20.542" >
          <step title="Builder is OneDeployBuilder" date="2026-01-07T18:08:20.542" /><!-- duration: 0ms -->
        </step><!-- duration: 0ms -->
        <step title="Copying SSH keys" date="2026-01-07T18:08:20.558" /><!-- duration: 0ms -->
        <step title="Building" date="2026-01-07T18:08:20.558" >
          <step title="Running build. Project type: OneDeploy" date="2026-01-07T18:08:20.573" /><!-- duration: 0ms -->
          <step title="Copying the manifest" date="2026-01-07T18:08:20.589" /><!-- duration: 0ms -->
          <step title="Clean deploying to C:\home\site\wwwroot" date="2026-01-07T18:08:20.605" /><!-- duration: 0ms -->
          <step title="Generating deployment script." date="2026-01-07T18:08:20.620" /><!-- duration: 16ms -->
          <step title="Generating deployment script" date="2026-01-07T18:08:20.636" >
            <step title="Using cached version of the deployment script for command: -y --no-dot-deployment -r &quot;C:\local\Temp\zipdeploy\extracted&quot; -o &quot;C:\home\site\deployments\tools&quot; --basic --sitePath &quot;C:\local\Temp\zipdeploy\extracted&quot;" date="2026-01-07T18:08:20.667" /><!-- duration: 0ms -->
            <step title="Using cached version of deployment script (command: &apos;azure -y --no-dot-deployment -r &quot;C:\local\Temp\zipdeploy\extracted&quot; -o &quot;C:\home\site\deployments\tools&quot; --basic --sitePath &quot;C:\local\Temp\zipdeploy\extracted&quot;&apos;)." date="2026-01-07T18:08:20.683" /><!-- duration: 0ms -->
          </step><!-- duration: 62ms -->
          <step title="Running deployment command..." date="2026-01-07T18:08:20.714" /><!-- duration: 0ms -->
          <step title="Command: &quot;C:\home\site\deployments\tools\deploy.cmd&quot;" date="2026-01-07T18:08:20.730" /><!-- duration: 0ms -->
          <step title="Executing external process" date="2026-01-07T18:08:20.730" type="process" path="starter.cmd" arguments="&quot;C:\home\site\deployments\tools\deploy.cmd&quot;" >
            <step title="Handling Basic Web Site deployment." date="2026-01-07T18:08:20.855" /><!-- duration: 0ms -->
            <step title="Creating app_offline.htm" date="2026-01-07T18:08:20.948" /><!-- duration: 0ms -->
            <step title="KuduSync.NET from: &apos;C:\local\Temp\zipdeploy\extracted&apos; to: &apos;C:\home\site\wwwroot&apos;" date="2026-01-07T18:08:20.948" /><!-- duration: 0ms -->
            <step title="Deleting file: &apos;CodeCoverage\CodeCoverage.config&apos;" date="2026-01-07T18:08:20.964" /><!-- duration: 0ms -->
            <step title="Deleting file: &apos;CodeCoverage\CodeCoverage.exe&apos;" date="2026-01-07T18:08:20.964" /><!-- duration: 0ms -->
            <step title="Deleting file: &apos;CodeCoverage\codecoveragemessages.dll&apos;" date="2026-01-07T18:08:20.980" /><!-- duration: 0ms -->
            <step title="Deleting file: &apos;CodeCoverage\covrun32.dll&apos;" date="2026-01-07T18:08:20.980" /><!-- duration: 0ms -->
            <step title="Deleting file: &apos;CodeCoverage\msdia140.dll&apos;" date="2026-01-07T18:08:20.995" /><!-- duration: 0ms -->
            <step title="Deleting file: &apos;CodeCoverage\VanguardInstrumentationProfiler_x86.config&apos;" date="2026-01-07T18:08:20.995" /><!-- duration: 0ms -->
            <step title="Deleting file: &apos;CodeCoverage\amd64\CodeCoverage.exe&apos;" date="2026-01-07T18:08:20.995" /><!-- duration: 16ms -->
            <step title="Deleting file: &apos;CodeCoverage\amd64\covrun64.dll&apos;" date="2026-01-07T18:08:21.011" /><!-- duration: 0ms -->
            <step title="Deleting file: &apos;CodeCoverage\amd64\msdia140.dll&apos;" date="2026-01-07T18:08:21.011" /><!-- duration: 0ms -->
            <step title="Deleting file: &apos;CodeCoverage\amd64\VanguardInstrumentationProfiler_x64.config&apos;" date="2026-01-07T18:08:21.027" /><!-- duration: 0ms -->
            <step title="Deleting directory: &apos;CodeCoverage\amd64&apos;" date="2026-01-07T18:08:21.027" /><!-- duration: 0ms -->
            <step title="Deleting file: &apos;CodeCoverage\arm64\covrunarm64.dll&apos;" date="2026-01-07T18:08:21.027" /><!-- duration: 16ms -->
            <step title="Deleting file: &apos;CodeCoverage\arm64\msdia140.dll&apos;" date="2026-01-07T18:08:21.042" /><!-- duration: 0ms -->
            <step title="Deleting file: &apos;CodeCoverage\arm64\VanguardInstrumentationProfiler_arm64.config&apos;" date="2026-01-07T18:08:21.042" /><!-- duration: 0ms -->
            <step title="Deleting directory: &apos;CodeCoverage\arm64&apos;" date="2026-01-07T18:08:21.058" /><!-- duration: 0ms -->
            <step title="Deleting file: &apos;CodeCoverage\coreclr\Microsoft.VisualStudio.CodeCoverage.Shim.dll&apos;" date="2026-01-07T18:08:21.058" /><!-- duration: 0ms -->
            <step title="Deleting directory: &apos;CodeCoverage\coreclr&apos;" date="2026-01-07T18:08:21.073" /><!-- duration: 0ms -->
            <step title="Deleting directory: &apos;CodeCoverage&apos;" date="2026-01-07T18:08:21.073" /><!-- duration: 0ms -->
            <step title="Deleting file: &apos;cs\Microsoft.TestPlatform.CommunicationUtilities.resources.dll&apos;" date="2026-01-07T18:08:21.073" /><!-- duration: 16ms -->
            <step title="Deleting file: &apos;cs\Microsoft.TestPlatform.CoreUtilities.resources.dll&apos;" date="2026-01-07T18:08:21.089" /><!-- duration: 0ms -->
            <step title="Deleting file: &apos;cs\Microsoft.TestPlatform.CrossPlatEngine.resources.dll&apos;" date="2026-01-07T18:08:21.089" /><!-- duration: 0ms -->
            <step title="Deleting file: &apos;cs\Microsoft.VisualStudio.TestPlatform.Common.resources.dll&apos;" date="2026-01-07T18:08:21.105" /><!-- duration: 0ms -->
            <step title="Deleting file: &apos;cs\Microsoft.VisualStudio.TestPlatform.ObjectModel.resources.dll&apos;" date="2026-01-07T18:08:21.105" /><!-- duration: 0ms -->
            <step title="Deleting file: &apos;cs\Microsoft.VisualStudio.TraceDataCollector.resources.dll&apos;" date="2026-01-07T18:08:21.105" /><!-- duration: 16ms -->
            <step title="Deleting directory: &apos;cs&apos;" date="2026-01-07T18:08:21.120" /><!-- duration: 0ms -->
            <step title="Deleting file: &apos;de\Microsoft.TestPlatform.CommunicationUtilities.resources.dll&apos;" date="2026-01-07T18:08:21.120" /><!-- duration: 0ms -->
            <step title="Deleting file: &apos;de\Microsoft.TestPlatform.CoreUtilities.resources.dll&apos;" date="2026-01-07T18:08:21.136" /><!-- duration: 0ms -->
            <step title="Deleting file: &apos;de\Microsoft.TestPlatform.CrossPlatEngine.resources.dll&apos;" date="2026-01-07T18:08:21.136" /><!-- duration: 0ms -->
            <step title="Deleting file: &apos;de\Microsoft.VisualStudio.TestPlatform.Common.resources.dll&apos;" date="2026-01-07T18:08:21.136" /><!-- duration: 0ms -->
            <step title="Deleting file: &apos;de\Microsoft.VisualStudio.TestPlatform.ObjectModel.resources.dll&apos;" date="2026-01-07T18:08:21.152" /><!-- duration: 0ms -->
            <step title="Deleting file: &apos;de\Microsoft.VisualStudio.TraceDataCollector.resources.dll&apos;" date="2026-01-07T18:08:21.152" /><!-- duration: 0ms -->
            <step title="Deleting directory: &apos;de&apos;" date="2026-01-07T18:08:21.167" /><!-- duration: 0ms -->
            <step title="Deleting file: &apos;es\Microsoft.TestPlatform.CommunicationUtilities.resources.dll&apos;" date="2026-01-07T18:08:21.167" /><!-- duration: 0ms -->
            <step title="Deleting file: &apos;es\Microsoft.TestPlatform.CoreUtilities.resources.dll&apos;" date="2026-01-07T18:08:21.183" /><!-- duration: 0ms -->
            <step title="Deleting file: &apos;es\Microsoft.TestPlatform.CrossPlatEngine.resources.dll&apos;" date="2026-01-07T18:08:21.183" /><!-- duration: 0ms -->
            <step title="Deleting file: &apos;es\Microsoft.VisualStudio.TestPlatform.Common.resources.dll&apos;" date="2026-01-07T18:08:21.198" /><!-- duration: 0ms -->
            <step title="Deleting file: &apos;es\Microsoft.VisualStudio.TestPlatform.ObjectModel.resources.dll&apos;" date="2026-01-07T18:08:21.198" /><!-- duration: 0ms -->
            <step title="Deleting file: &apos;es\Microsoft.VisualStudio.TraceDataCollector.resources.dll&apos;" date="2026-01-07T18:08:21.198" /><!-- duration: 16ms -->
            <step title="Deleting directory: &apos;es&apos;" date="2026-01-07T18:08:21.214" /><!-- duration: 0ms -->
            <step title="Deleting file: &apos;fr\Microsoft.TestPlatform.CommunicationUtilities.resources.dll&apos;" date="2026-01-07T18:08:21.214" /><!-- duration: 0ms -->
            <step title="Deleting file: &apos;fr\Microsoft.TestPlatform.CoreUtilities.resources.dll&apos;" date="2026-01-07T18:08:21.230" /><!-- duration: 0ms -->
            <step title="Deleting file: &apos;fr\Microsoft.TestPlatform.CrossPlatEngine.resources.dll&apos;" date="2026-01-07T18:08:21.230" /><!-- duration: 0ms -->
            <step title="Deleting file: &apos;fr\Microsoft.VisualStudio.TestPlatform.Common.resources.dll&apos;" date="2026-01-07T18:08:21.230" /><!-- duration: 16ms -->
            <step title="Deleting file: &apos;fr\Microsoft.VisualStudio.TestPlatform.ObjectModel.resources.dll&apos;" date="2026-01-07T18:08:21.245" /><!-- duration: 0ms -->
            <step title="Deleting file: &apos;fr\Microsoft.VisualStudio.TraceDataCollector.resources.dll&apos;" date="2026-01-07T18:08:21.245" /><!-- duration: 0ms -->
            <step title="Deleting directory: &apos;fr&apos;" date="2026-01-07T18:08:21.261" /><!-- duration: 0ms -->
            <step title="Deleting file: &apos;InstrumentationEngine\alpine\x64\libCoverageInstrumentationMethod.so&apos;" date="2026-01-07T18:08:21.261" /><!-- duration: 0ms -->
            <step title="Deleting file: &apos;InstrumentationEngine\alpine\x64\libInstrumentationEngine.so&apos;" date="2026-01-07T18:08:21.261" /><!-- duration: 16ms -->
            <step title="Omitting next output lines..." date="2026-01-07T18:08:21.277" /><!-- duration: 0ms -->
            <step title="Finished successfully." date="2026-01-07T18:08:21.308" /><!-- duration: 0ms -->
          </step><!-- duration: 578ms -->
          <step title="Build completed succesfully." date="2026-01-07T18:08:21.323" /><!-- duration: 0ms -->
          <step title="Running post deployment command(s)..." date="2026-01-07T18:08:21.339" /><!-- duration: 0ms -->
          <step title="Requesting site restart" date="2026-01-07T18:08:21.370" /><!-- duration: 0ms -->
          <step title="Requesting site restart" date="2026-01-07T18:08:21.370" /><!-- duration: 0ms -->
          <step title="Requesting site restart. Attempt #1" date="2026-01-07T18:08:21.402" /><!-- duration: 0ms -->
          <step title="Requesting site restart. Attempt #1" date="2026-01-07T18:08:21.402" /><!-- duration: 0ms -->
          <step title="Successfully requested a restart. Attempt #1" date="2026-01-07T18:08:21.745" /><!-- duration: 16ms -->
          <step title="Successfully requested a restart. Attempt #1" date="2026-01-07T18:08:21.761" /><!-- duration: 0ms -->
          <step title="Deployment successful. DEPLOYMENTINFO: deploymentPath = OneDeploy, deployer = OneDeploy, os = windows, sku = Free, siteName = sa-compliance-api-2026, siteHostName = sa-compliance-api-2026.azurewebsites.net, deploymentStatus = Success" date="2026-01-07T18:08:21.777" /><!-- duration: 0ms -->
        </step><!-- duration: 1297ms -->
      </step><!-- duration: 1391ms -->
      <step title="Cleaning up temp files" date="2026-01-07T18:08:21.855" /><!-- duration: 16ms -->
      <step title="Skip function trigger and logicapp sync because function is not enabled." date="2026-01-07T18:08:21.870" /><!-- duration: 0ms -->
    </step><!-- duration: 2875ms -->
    <step title="LockFile &apos;C:\home\site\locks\deployments.lock&apos; released" date="2026-01-07T18:08:21.886" /><!-- duration: 0ms -->
    <step title="Deleting shutdown sentinel file" date="2026-01-07T18:08:21.886" SemaphoreCount="8" /><!-- duration: 16ms -->
  </step><!-- duration: 41010ms -->
  <step title="Outgoing response" date="2026-01-07T18:08:21.917" type="response" statusCode="200" statusText="OK" Server="Microsoft-IIS/10.0" x-ms-request-id="bca4617a-ebf3-11f0-99aa-2016b9389b03" Cache-Control="private" X-AspNet-Version="4.0.30319" /><!-- duration: 16ms -->
</step><!-- duration: 41573ms -->
