<step title="Incoming Request" date="2026-01-07T18:03:29.696" instance="79e06d" url="/api/publish?type=zip" method="POST" type="request" pid="3144,2,27" Cache-Control="no-cache" Content-Length="54932239" Content-Type="application/octet-stream" Accept="*/*" Accept-Encoding="gzip, deflate" Authorization="Bea..." Host="sa-compliance-api-2026.scm.azurewebsites.net" User-Agent="AZURECLI/2.80.0 (MSI)" x-ms-client-request-id="20e1aa87-ebf3-11f0-9ea6-2016b9389b03" X-ARR-LOG-ID="20e1aa87-ebf3-11f0-9ea6-2016b9389b03" CLIENT-IP="197.221.102.21:63270" X-SITE-DEPLOYMENT-ID="sa-compliance-api-2026" WAS-DEFAULT-HOSTNAME="sa-compliance-api-2026.scm.azurewebsites.net" X-Forwarded-Proto="https" X-AppService-Proto="https" X-Forwarded-TlsVersion="1.3" X-WAWS-Unencoded-URL="/api/publish?type=zip" >
  <step title="Cleanup Xml Logs" date="2026-01-07T18:03:29.696" /><!-- duration: 0ms -->
  <step title="OneDeploy" date="2026-01-07T18:03:29.696" >
    <step title="Starting PushDeployAsync" date="2026-01-07T18:03:29.712" /><!-- duration: 0ms -->
    <step title="Updating shutdown sentinel last write time" date="2026-01-07T18:03:29.712" SemaphoreCount="7" /><!-- duration: 0ms -->
    <step title="LockFile &apos;C:\home\site\locks\deployments.lock&apos; acquired" date="2026-01-07T18:03:29.712" /><!-- duration: 0ms -->
    <step title="Saving request content to C:\local\Temp\zipdeploy\hvy30fmg.zip" date="2026-01-07T18:03:29.727" >
      <step title="Writing 32,104,448 bytes to C:\local\Temp\zipdeploy\hvy30fmg.zip" date="2026-01-07T18:03:59.729" /><!-- duration: 16ms -->
      <step title="Total 54,932,239 bytes written to C:\local\Temp\zipdeploy\hvy30fmg.zip" date="2026-01-07T18:04:21.240" /><!-- duration: 0ms -->
    </step><!-- duration: 51528ms -->
    <step title="LockFile &apos;C:\home\site\locks\deployments.lock&apos; released" date="2026-01-07T18:04:21.255" /><!-- duration: 0ms -->
    <step title="Deleting shutdown sentinel file" date="2026-01-07T18:04:21.255" SemaphoreCount="8" /><!-- duration: 0ms -->
    <step title="Starting FetchDeploy" date="2026-01-07T18:04:21.255" /><!-- duration: 0ms -->
    <step title="Attempting to fetch target branch HEAD" date="2026-01-07T18:04:21.255" /><!-- duration: 16ms -->
    <step title="Updating shutdown sentinel last write time" date="2026-01-07T18:04:21.271" SemaphoreCount="7" /><!-- duration: 0ms -->
    <step title="LockFile &apos;C:\home\site\locks\deployments.lock&apos; acquired" date="2026-01-07T18:04:21.271" /><!-- duration: 0ms -->
    <step title="Performing fetch based deployment" date="2026-01-07T18:04:21.271" >
      <step title="Creating temporary deployment" date="2026-01-07T18:04:21.271" /><!-- duration: 16ms -->
      <step title="Fetching changes." date="2026-01-07T18:04:21.302" /><!-- duration: 0ms -->
      <step title="Starting LocalZipHandler" date="2026-01-07T18:04:21.318" /><!-- duration: 0ms -->
      <step title="Starting LocalZipFetch" date="2026-01-07T18:04:21.318" /><!-- duration: 0ms -->
      <step title="Cleaning up temp folders from previous zip deployments and extracting pushed zip file C:\local\Temp\zipdeploy\hvy30fmg.zip (52.39 MB) to C:\local\Temp\zipdeploy\extracted" date="2026-01-07T18:04:21.318" /><!-- duration: 0ms -->
      <step title="Cleaning up temp folders from previous zip deployments and extracting pushed zip file C:\local\Temp\zipdeploy\hvy30fmg.zip (52.39 MB) to C:\local\Temp\zipdeploy\extracted" date="2026-01-07T18:04:21.333" >
        <step title="Renaming extractTargetDirectory(C:\local\Temp\zipdeploy\extracted) to tempDirectory(C:\local\Temp\zipdeploy\lfzm4gfw.wjo)" date="2026-01-07T18:04:21.333" /><!-- duration: 0ms -->
        <step title="Extracting 314 entries to C:\local\Temp\zipdeploy\extracted directory" date="2026-01-07T18:04:21.333" >
          <step title="Extracting to C:\local\Temp\zipdeploy\extracted\CodeCoverage\CodeCoverage.config ..." date="2026-01-07T18:04:21.333" /><!-- duration: 0ms -->
          <step title="Extracting to C:\local\Temp\zipdeploy\extracted\CodeCoverage\CodeCoverage.exe ..." date="2026-01-07T18:04:21.333" /><!-- duration: 16ms -->
          <step title="Extracting to C:\local\Temp\zipdeploy\extracted\CodeCoverage\codecoveragemessages.dll ..." date="2026-01-07T18:04:21.349" /><!-- duration: 0ms -->
          <step title="Extracting to C:\local\Temp\zipdeploy\extracted\CodeCoverage\covrun32.dll ..." date="2026-01-07T18:04:21.365" /><!-- duration: 16ms -->
          <step title="Extracting to C:\local\Temp\zipdeploy\extracted\CodeCoverage\msdia140.dll ..." date="2026-01-07T18:04:21.380" /><!-- duration: 16ms -->
          <step title="Omitting extracting file traces ..." date="2026-01-07T18:04:21.396" /><!-- duration: 0ms -->
        </step><!-- duration: 1734ms -->
      </step><!-- duration: 1734ms -->
      <step title="None repository commit" date="2026-01-07T18:04:23.068" >
        <step title="Commit id: f5d9bb3092604211a05c21a70e3a79af" date="2026-01-07T18:04:23.083" Message="OneDeploy" AuthorName="N/A" AuthorEmail="N/A" /><!-- duration: 0ms -->
      </step><!-- duration: 16ms -->
      <step title="Before sending BuildRequestReceived status to /api/updatedeploystatus" date="2026-01-07T18:04:23.083" /><!-- duration: 0ms -->
      <step title="DeploymentManager.Deploy(id:f5d9bb3092604211a05c21a70e3a79af)" date="2026-01-07T18:04:23.083" >
        <step title="Collecting changeset information" date="2026-01-07T18:04:23.083" /><!-- duration: 16ms -->
        <step title="Updating submodules" date="2026-01-07T18:04:23.099" >
          <step title="Updating submodules." date="2026-01-07T18:04:23.130" /><!-- duration: 0ms -->
        </step><!-- duration: 31ms -->
        <step title="Preparing deployment for commit id &apos;f5d9bb3092&apos;." date="2026-01-07T18:04:23.146" /><!-- duration: 0ms -->
        <step title="Determining deployment builder" date="2026-01-07T18:04:23.162" >
          <step title="Builder is OneDeployBuilder" date="2026-01-07T18:04:23.162" /><!-- duration: 0ms -->
        </step><!-- duration: 0ms -->
        <step title="Copying SSH keys" date="2026-01-07T18:04:23.177" /><!-- duration: 0ms -->
        <step title="Building" date="2026-01-07T18:04:23.177" >
          <step title="Running build. Project type: OneDeploy" date="2026-01-07T18:04:23.193" /><!-- duration: 0ms -->
          <step title="Copying the manifest" date="2026-01-07T18:04:23.208" /><!-- duration: 0ms -->
          <step title="Clean deploying to C:\home\site\wwwroot" date="2026-01-07T18:04:23.240" /><!-- duration: 0ms -->
          <step title="Generating deployment script." date="2026-01-07T18:04:23.255" /><!-- duration: 0ms -->
          <step title="Generating deployment script" date="2026-01-07T18:04:23.255" >
            <step title="Using cached version of the deployment script for command: -y --no-dot-deployment -r &quot;C:\local\Temp\zipdeploy\extracted&quot; -o &quot;C:\home\site\deployments\tools&quot; --basic --sitePath &quot;C:\local\Temp\zipdeploy\extracted&quot;" date="2026-01-07T18:04:23.255" /><!-- duration: 0ms -->
            <step title="Using cached version of deployment script (command: &apos;azure -y --no-dot-deployment -r &quot;C:\local\Temp\zipdeploy\extracted&quot; -o &quot;C:\home\site\deployments\tools&quot; --basic --sitePath &quot;C:\local\Temp\zipdeploy\extracted&quot;&apos;)." date="2026-01-07T18:04:23.271" /><!-- duration: 16ms -->
          </step><!-- duration: 31ms -->
          <step title="Running deployment command..." date="2026-01-07T18:04:23.302" /><!-- duration: 0ms -->
          <step title="Command: &quot;C:\home\site\deployments\tools\deploy.cmd&quot;" date="2026-01-07T18:04:23.318" /><!-- duration: 0ms -->
          <step title="Executing external process" date="2026-01-07T18:04:23.318" type="process" path="starter.cmd" arguments="&quot;C:\home\site\deployments\tools\deploy.cmd&quot;" >
            <step title="Handling Basic Web Site deployment." date="2026-01-07T18:04:23.427" /><!-- duration: 0ms -->
            <step title="Creating app_offline.htm" date="2026-01-07T18:04:23.599" /><!-- duration: 0ms -->
            <step title="KuduSync.NET from: &apos;C:\local\Temp\zipdeploy\extracted&apos; to: &apos;C:\home\site\wwwroot&apos;" date="2026-01-07T18:04:23.599" /><!-- duration: 0ms -->
            <step title="Copying file: &apos;coverlet.collector.deps.json&apos;" date="2026-01-07T18:04:23.615" /><!-- duration: 0ms -->
            <step title="Copying file: &apos;coverlet.collector.dll&apos;" date="2026-01-07T18:04:23.615" /><!-- duration: 0ms -->
            <step title="Copying file: &apos;coverlet.collector.pdb&apos;" date="2026-01-07T18:04:23.630" /><!-- duration: 0ms -->
            <step title="Copying file: &apos;coverlet.collector.targets&apos;" date="2026-01-07T18:04:23.630" /><!-- duration: 0ms -->
            <step title="Copying file: &apos;coverlet.core.dll&apos;" date="2026-01-07T18:04:23.630" /><!-- duration: 0ms -->
            <step title="Copying file: &apos;coverlet.core.pdb&apos;" date="2026-01-07T18:04:23.646" /><!-- duration: 0ms -->
            <step title="Copying file: &apos;Microsoft.Bcl.AsyncInterfaces.dll&apos;" date="2026-01-07T18:04:23.646" /><!-- duration: 0ms -->
            <step title="Copying file: &apos;Microsoft.CodeCoverage.Core.dll&apos;" date="2026-01-07T18:04:23.646" /><!-- duration: 16ms -->
            <step title="Copying file: &apos;Microsoft.CodeCoverage.Instrumentation.dll&apos;" date="2026-01-07T18:04:23.662" /><!-- duration: 0ms -->
            <step title="Copying file: &apos;Microsoft.CodeCoverage.Interprocess.dll&apos;" date="2026-01-07T18:04:23.662" /><!-- duration: 16ms -->
            <step title="Copying file: &apos;Microsoft.CodeCoverage.props&apos;" date="2026-01-07T18:04:23.677" /><!-- duration: 0ms -->
            <step title="Copying file: &apos;Microsoft.CodeCoverage.targets&apos;" date="2026-01-07T18:04:23.677" /><!-- duration: 0ms -->
            <step title="Copying file: &apos;Microsoft.CSharp.dll&apos;" date="2026-01-07T18:04:23.693" /><!-- duration: 0ms -->
            <step title="Copying file: &apos;Microsoft.DiaSymReader.dll&apos;" date="2026-01-07T18:04:23.693" /><!-- duration: 0ms -->
            <step title="Copying file: &apos;Microsoft.DotNet.PlatformAbstractions.dll&apos;" date="2026-01-07T18:04:23.693" /><!-- duration: 16ms -->
            <step title="Copying file: &apos;Microsoft.Extensions.Caching.Abstractions.dll&apos;" date="2026-01-07T18:04:23.708" /><!-- duration: 0ms -->
            <step title="Copying file: &apos;Microsoft.Extensions.Configuration.Abstractions.dll&apos;" date="2026-01-07T18:04:23.708" /><!-- duration: 0ms -->
            <step title="Copying file: &apos;Microsoft.Extensions.DependencyModel.dll&apos;" date="2026-01-07T18:04:23.724" /><!-- duration: 0ms -->
            <step title="Copying file: &apos;Microsoft.Extensions.FileSystemGlobbing.dll&apos;" date="2026-01-07T18:04:23.724" /><!-- duration: 0ms -->
            <step title="Copying file: &apos;Microsoft.Extensions.Primitives.dll&apos;" date="2026-01-07T18:04:23.740" /><!-- duration: 0ms -->
            <step title="Copying file: &apos;Microsoft.IdentityModel.Protocols.dll&apos;" date="2026-01-07T18:04:23.740" /><!-- duration: 0ms -->
            <step title="Copying file: &apos;Microsoft.IdentityModel.Protocols.OpenIdConnect.dll&apos;" date="2026-01-07T18:04:23.740" /><!-- duration: 0ms -->
            <step title="Copying file: &apos;Microsoft.TestPlatform.CommunicationUtilities.dll&apos;" date="2026-01-07T18:04:23.755" /><!-- duration: 0ms -->
            <step title="Copying file: &apos;Microsoft.TestPlatform.CoreUtilities.dll&apos;" date="2026-01-07T18:04:23.755" /><!-- duration: 0ms -->
            <step title="Copying file: &apos;Microsoft.TestPlatform.CrossPlatEngine.dll&apos;" date="2026-01-07T18:04:23.771" /><!-- duration: 0ms -->
            <step title="Copying file: &apos;Microsoft.TestPlatform.PlatformAbstractions.dll&apos;" date="2026-01-07T18:04:23.771" /><!-- duration: 0ms -->
            <step title="Copying file: &apos;Microsoft.TestPlatform.Utilities.dll&apos;" date="2026-01-07T18:04:23.787" /><!-- duration: 0ms -->
            <step title="Copying file: &apos;Microsoft.VisualStudio.CodeCoverage.Shim.dll&apos;" date="2026-01-07T18:04:23.787" /><!-- duration: 0ms -->
            <step title="Copying file: &apos;Microsoft.VisualStudio.TestPlatform.Common.dll&apos;" date="2026-01-07T18:04:23.802" /><!-- duration: 0ms -->
            <step title="Copying file: &apos;Microsoft.VisualStudio.TestPlatform.ObjectModel.dll&apos;" date="2026-01-07T18:04:23.802" /><!-- duration: 0ms -->
            <step title="Copying file: &apos;Microsoft.VisualStudio.TraceDataCollector.dll&apos;" date="2026-01-07T18:04:23.802" /><!-- duration: 16ms -->
            <step title="Copying file: &apos;Mono.Cecil.dll&apos;" date="2026-01-07T18:04:23.818" /><!-- duration: 0ms -->
            <step title="Copying file: &apos;Mono.Cecil.Mdb.dll&apos;" date="2026-01-07T18:04:23.818" /><!-- duration: 0ms -->
            <step title="Copying file: &apos;Mono.Cecil.Pdb.dll&apos;" date="2026-01-07T18:04:23.833" /><!-- duration: 0ms -->
            <step title="Copying file: &apos;Mono.Cecil.Rocks.dll&apos;" date="2026-01-07T18:04:23.833" /><!-- duration: 0ms -->
            <step title="Copying file: &apos;Newtonsoft.Json.dll&apos;" date="2026-01-07T18:04:23.849" /><!-- duration: 0ms -->
            <step title="Copying file: &apos;NuGet.Frameworks.dll&apos;" date="2026-01-07T18:04:23.849" /><!-- duration: 0ms -->
            <step title="Copying file: &apos;SaCompliance.Api.dll&apos;" date="2026-01-07T18:04:23.849" /><!-- duration: 16ms -->
            <step title="Copying file: &apos;SaCompliance.Api.exe&apos;" date="2026-01-07T18:04:23.865" /><!-- duration: 0ms -->
            <step title="Copying file: &apos;SaCompliance.Api.pdb&apos;" date="2026-01-07T18:04:23.865" /><!-- duration: 0ms -->
            <step title="Copying file: &apos;SaCompliance.Application.deps.json&apos;" date="2026-01-07T18:04:23.880" /><!-- duration: 0ms -->
            <step title="Copying file: &apos;SaCompliance.Domain.deps.json&apos;" date="2026-01-07T18:04:23.880" /><!-- duration: 0ms -->
            <step title="Copying file: &apos;SaCompliance.Infrastructure.deps.json&apos;" date="2026-01-07T18:04:23.896" /><!-- duration: 0ms -->
            <step title="Copying file: &apos;SaCompliance.Infrastructure.runtimeconfig.json&apos;" date="2026-01-07T18:04:23.896" /><!-- duration: 0ms -->
            <step title="Copying file: &apos;SaCompliance.Tests.deps.json&apos;" date="2026-01-07T18:04:23.912" /><!-- duration: 0ms -->
            <step title="Copying file: &apos;SaCompliance.Tests.dll&apos;" date="2026-01-07T18:04:23.912" /><!-- duration: 0ms -->
            <step title="Copying file: &apos;SaCompliance.Tests.pdb&apos;" date="2026-01-07T18:04:23.927" /><!-- duration: 0ms -->
            <step title="Copying file: &apos;SaCompliance.Tests.runtimeconfig.json&apos;" date="2026-01-07T18:04:23.927" /><!-- duration: 0ms -->
            <step title="Omitting next output lines..." date="2026-01-07T18:04:23.943" /><!-- duration: 0ms -->
            <step title="Finished successfully." date="2026-01-07T18:04:24.912" /><!-- duration: 0ms -->
          </step><!-- duration: 1594ms -->
          <step title="Build completed succesfully." date="2026-01-07T18:04:24.927" /><!-- duration: 0ms -->
          <step title="Running post deployment command(s)..." date="2026-01-07T18:04:24.943" /><!-- duration: 0ms -->
          <step title="Requesting site restart" date="2026-01-07T18:04:24.974" /><!-- duration: 0ms -->
          <step title="Requesting site restart" date="2026-01-07T18:04:24.974" /><!-- duration: 0ms -->
          <step title="Requesting site restart. Attempt #1" date="2026-01-07T18:04:24.990" /><!-- duration: 0ms -->
          <step title="Requesting site restart. Attempt #1" date="2026-01-07T18:04:24.990" /><!-- duration: 0ms -->
          <step title="Successfully requested a restart. Attempt #1" date="2026-01-07T18:04:25.115" /><!-- duration: 16ms -->
          <step title="Successfully requested a restart. Attempt #1" date="2026-01-07T18:04:25.130" /><!-- duration: 0ms -->
          <step title="Deployment successful. DEPLOYMENTINFO: deploymentPath = OneDeploy, deployer = OneDeploy, os = windows, sku = Free, siteName = sa-compliance-api-2026, siteHostName = sa-compliance-api-2026.azurewebsites.net, deploymentStatus = Success" date="2026-01-07T18:04:25.146" /><!-- duration: 0ms -->
        </step><!-- duration: 2016ms -->
      </step><!-- duration: 2109ms -->
      <step title="Cleaning up temp files" date="2026-01-07T18:04:25.193" /><!-- duration: 0ms -->
      <step title="Skip function trigger and logicapp sync because function is not enabled." date="2026-01-07T18:04:25.193" /><!-- duration: 0ms -->
    </step><!-- duration: 3938ms -->
    <step title="LockFile &apos;C:\home\site\locks\deployments.lock&apos; released" date="2026-01-07T18:04:25.224" /><!-- duration: 0ms -->
    <step title="Deleting shutdown sentinel file" date="2026-01-07T18:04:25.224" SemaphoreCount="8" /><!-- duration: 0ms -->
  </step><!-- duration: 55528ms -->
  <step title="Outgoing response" date="2026-01-07T18:04:25.224" type="response" statusCode="200" statusText="OK" Server="Microsoft-IIS/10.0" x-ms-request-id="20e1aa87-ebf3-11f0-9ea6-2016b9389b03" Cache-Control="private" X-AspNet-Version="4.0.30319" /><!-- duration: 0ms -->
</step><!-- duration: 55528ms -->
