<step title="Incoming Request" date="2026-01-07T17:35:58.604" instance="79e06d" url="/api/publish?type=zip" method="POST" type="request" pid="9960,2,38" Cache-Control="no-cache" Content-Length="41982876" Content-Type="application/octet-stream" Accept="*/*" Accept-Encoding="gzip, deflate" Authorization="Bea..." Host="sa-compliance-api-2026.scm.azurewebsites.net" User-Agent="AZURECLI/2.80.0 (MSI)" x-ms-client-request-id="503961ec-ebef-11f0-a9d6-2016b9389b03" X-ARR-LOG-ID="503961ec-ebef-11f0-a9d6-2016b9389b03" CLIENT-IP="197.221.102.21:63858" X-SITE-DEPLOYMENT-ID="sa-compliance-api-2026" WAS-DEFAULT-HOSTNAME="sa-compliance-api-2026.scm.azurewebsites.net" X-Forwarded-Proto="https" X-AppService-Proto="https" X-Forwarded-TlsVersion="1.3" X-WAWS-Unencoded-URL="/api/publish?type=zip" >
  <step title="Cleanup Xml Logs" date="2026-01-07T17:35:58.619" /><!-- duration: 0ms -->
  <step title="OneDeploy" date="2026-01-07T17:35:58.619" >
    <step title="Starting PushDeployAsync" date="2026-01-07T17:35:58.619" /><!-- duration: 0ms -->
    <step title="Updating shutdown sentinel last write time" date="2026-01-07T17:35:58.635" SemaphoreCount="7" /><!-- duration: 0ms -->
    <step title="LockFile &apos;C:\home\site\locks\deployments.lock&apos; acquired" date="2026-01-07T17:35:58.635" /><!-- duration: 0ms -->
    <step title="Saving request content to C:\local\Temp\zipdeploy\jk2vi5bc.zip" date="2026-01-07T17:35:58.635" >
      <step title="Writing 28,930,048 bytes to C:\local\Temp\zipdeploy\jk2vi5bc.zip" date="2026-01-07T17:36:28.637" /><!-- duration: 0ms -->
      <step title="Total 41,982,876 bytes written to C:\local\Temp\zipdeploy\jk2vi5bc.zip" date="2026-01-07T17:36:39.778" /><!-- duration: 0ms -->
    </step><!-- duration: 41159ms -->
    <step title="LockFile &apos;C:\home\site\locks\deployments.lock&apos; released" date="2026-01-07T17:36:39.794" /><!-- duration: 0ms -->
    <step title="Deleting shutdown sentinel file" date="2026-01-07T17:36:39.794" SemaphoreCount="8" /><!-- duration: 0ms -->
    <step title="Starting FetchDeploy" date="2026-01-07T17:36:39.794" /><!-- duration: 0ms -->
    <step title="Attempting to fetch target branch HEAD" date="2026-01-07T17:36:39.794" /><!-- duration: 16ms -->
    <step title="Updating shutdown sentinel last write time" date="2026-01-07T17:36:39.809" SemaphoreCount="7" /><!-- duration: 0ms -->
    <step title="LockFile &apos;C:\home\site\locks\deployments.lock&apos; acquired" date="2026-01-07T17:36:39.809" /><!-- duration: 0ms -->
    <step title="Performing fetch based deployment" date="2026-01-07T17:36:39.809" >
      <step title="Creating temporary deployment" date="2026-01-07T17:36:39.809" /><!-- duration: 16ms -->
      <step title="Fetching changes." date="2026-01-07T17:36:39.841" /><!-- duration: 0ms -->
      <step title="Starting LocalZipHandler" date="2026-01-07T17:36:39.856" /><!-- duration: 0ms -->
      <step title="Starting LocalZipFetch" date="2026-01-07T17:36:39.856" /><!-- duration: 0ms -->
      <step title="Cleaning up temp folders from previous zip deployments and extracting pushed zip file C:\local\Temp\zipdeploy\jk2vi5bc.zip (40.04 MB) to C:\local\Temp\zipdeploy\extracted" date="2026-01-07T17:36:39.856" /><!-- duration: 0ms -->
      <step title="Cleaning up temp folders from previous zip deployments and extracting pushed zip file C:\local\Temp\zipdeploy\jk2vi5bc.zip (40.04 MB) to C:\local\Temp\zipdeploy\extracted" date="2026-01-07T17:36:39.856" >
        <step title="Renaming extractTargetDirectory(C:\local\Temp\zipdeploy\extracted) to tempDirectory(C:\local\Temp\zipdeploy\yqgojblm.jtu)" date="2026-01-07T17:36:39.872" /><!-- duration: 0ms -->
        <step title="Extracting 121 entries to C:\local\Temp\zipdeploy\extracted directory" date="2026-01-07T17:36:39.872" >
          <step title="Extracting to C:\local\Temp\zipdeploy\extracted\LatoFont\Lato-Black.ttf ..." date="2026-01-07T17:36:39.872" /><!-- duration: 16ms -->
          <step title="Extracting to C:\local\Temp\zipdeploy\extracted\LatoFont\Lato-BlackItalic.ttf ..." date="2026-01-07T17:36:39.887" /><!-- duration: 16ms -->
          <step title="Extracting to C:\local\Temp\zipdeploy\extracted\LatoFont\Lato-Bold.ttf ..." date="2026-01-07T17:36:39.903" /><!-- duration: 0ms -->
          <step title="Extracting to C:\local\Temp\zipdeploy\extracted\LatoFont\Lato-BoldItalic.ttf ..." date="2026-01-07T17:36:39.919" /><!-- duration: 0ms -->
          <step title="Extracting to C:\local\Temp\zipdeploy\extracted\LatoFont\Lato-ExtraBold.ttf ..." date="2026-01-07T17:36:39.919" /><!-- duration: 16ms -->
          <step title="Omitting extracting file traces ..." date="2026-01-07T17:36:39.934" /><!-- duration: 16ms -->
        </step><!-- duration: 1266ms -->
      </step><!-- duration: 1281ms -->
      <step title="None repository commit" date="2026-01-07T17:36:41.153" >
        <step title="Commit id: 8eb5af11a3e3449ea3a459b9c1e539d5" date="2026-01-07T17:36:41.153" Message="OneDeploy" AuthorName="N/A" AuthorEmail="N/A" /><!-- duration: 0ms -->
      </step><!-- duration: 0ms -->
      <step title="Before sending BuildRequestReceived status to /api/updatedeploystatus" date="2026-01-07T17:36:41.153" /><!-- duration: 0ms -->
      <step title="DeploymentManager.Deploy(id:8eb5af11a3e3449ea3a459b9c1e539d5)" date="2026-01-07T17:36:41.153" >
        <step title="Collecting changeset information" date="2026-01-07T17:36:41.169" /><!-- duration: 16ms -->
        <step title="Updating submodules" date="2026-01-07T17:36:41.184" >
          <step title="Updating submodules." date="2026-01-07T17:36:41.200" /><!-- duration: 0ms -->
        </step><!-- duration: 16ms -->
        <step title="Preparing deployment for commit id &apos;8eb5af11a3&apos;." date="2026-01-07T17:36:41.216" /><!-- duration: 0ms -->
        <step title="Determining deployment builder" date="2026-01-07T17:36:41.231" >
          <step title="Builder is OneDeployBuilder" date="2026-01-07T17:36:41.231" /><!-- duration: 0ms -->
        </step><!-- duration: 0ms -->
        <step title="Copying SSH keys" date="2026-01-07T17:36:41.231" /><!-- duration: 16ms -->
        <step title="Building" date="2026-01-07T17:36:41.247" >
          <step title="Running build. Project type: OneDeploy" date="2026-01-07T17:36:41.263" /><!-- duration: 0ms -->
          <step title="Copying the manifest" date="2026-01-07T17:36:41.278" /><!-- duration: 0ms -->
          <step title="Clean deploying to C:\home\site\wwwroot" date="2026-01-07T17:36:41.294" /><!-- duration: 0ms -->
          <step title="Generating deployment script." date="2026-01-07T17:36:41.309" /><!-- duration: 16ms -->
          <step title="Generating deployment script" date="2026-01-07T17:36:41.325" >
            <step title="Using cached version of the deployment script for command: -y --no-dot-deployment -r &quot;C:\local\Temp\zipdeploy\extracted&quot; -o &quot;C:\home\site\deployments\tools&quot; --basic --sitePath &quot;C:\local\Temp\zipdeploy\extracted&quot;" date="2026-01-07T17:36:41.325" /><!-- duration: 0ms -->
            <step title="Using cached version of deployment script (command: &apos;azure -y --no-dot-deployment -r &quot;C:\local\Temp\zipdeploy\extracted&quot; -o &quot;C:\home\site\deployments\tools&quot; --basic --sitePath &quot;C:\local\Temp\zipdeploy\extracted&quot;&apos;)." date="2026-01-07T17:36:41.341" /><!-- duration: 16ms -->
          </step><!-- duration: 31ms -->
          <step title="Running deployment command..." date="2026-01-07T17:36:41.388" /><!-- duration: 0ms -->
          <step title="Command: &quot;C:\home\site\deployments\tools\deploy.cmd&quot;" date="2026-01-07T17:36:41.388" /><!-- duration: 0ms -->
          <step title="Executing external process" date="2026-01-07T17:36:41.388" type="process" path="starter.cmd" arguments="&quot;C:\home\site\deployments\tools\deploy.cmd&quot;" >
            <step title="Handling Basic Web Site deployment." date="2026-01-07T17:36:41.497" /><!-- duration: 0ms -->
            <step title="Creating app_offline.htm" date="2026-01-07T17:36:43.763" /><!-- duration: 0ms -->
            <step title="KuduSync.NET from: &apos;C:\local\Temp\zipdeploy\extracted&apos; to: &apos;C:\home\site\wwwroot&apos;" date="2026-01-07T17:36:43.778" /><!-- duration: 0ms -->
            <step title="Copying file: &apos;appsettings.json&apos;" date="2026-01-07T17:36:43.778" /><!-- duration: 0ms -->
            <step title="Copying file: &apos;SaCompliance.Api.deps.json&apos;" date="2026-01-07T17:36:43.778" /><!-- duration: 0ms -->
            <step title="Copying file: &apos;SaCompliance.Api.dll&apos;" date="2026-01-07T17:36:43.794" /><!-- duration: 0ms -->
            <step title="Copying file: &apos;SaCompliance.Api.exe&apos;" date="2026-01-07T17:36:43.794" /><!-- duration: 0ms -->
            <step title="Copying file: &apos;SaCompliance.Api.pdb&apos;" date="2026-01-07T17:36:43.794" /><!-- duration: 16ms -->
            <step title="Copying file: &apos;SaCompliance.Infrastructure.dll&apos;" date="2026-01-07T17:36:43.809" /><!-- duration: 0ms -->
            <step title="Copying file: &apos;SaCompliance.Infrastructure.pdb&apos;" date="2026-01-07T17:36:43.825" /><!-- duration: 0ms -->
            <step title="Deleting app_offline.htm" date="2026-01-07T17:36:43.825" /><!-- duration: 0ms -->
            <step title="Finished successfully." date="2026-01-07T17:36:43.825" /><!-- duration: 0ms -->
          </step><!-- duration: 2453ms -->
          <step title="Build completed succesfully." date="2026-01-07T17:36:43.856" /><!-- duration: 0ms -->
          <step title="Running post deployment command(s)..." date="2026-01-07T17:36:43.872" /><!-- duration: 0ms -->
          <step title="Requesting site restart" date="2026-01-07T17:36:43.888" /><!-- duration: 0ms -->
          <step title="Requesting site restart" date="2026-01-07T17:36:43.888" /><!-- duration: 0ms -->
          <step title="Requesting site restart. Attempt #1" date="2026-01-07T17:36:43.903" /><!-- duration: 0ms -->
          <step title="Requesting site restart. Attempt #1" date="2026-01-07T17:36:43.903" /><!-- duration: 0ms -->
          <step title="Successfully requested a restart. Attempt #1" date="2026-01-07T17:36:44.013" /><!-- duration: 0ms -->
          <step title="Successfully requested a restart. Attempt #1" date="2026-01-07T17:36:44.013" /><!-- duration: 0ms -->
          <step title="Deployment successful. DEPLOYMENTINFO: deploymentPath = OneDeploy, deployer = OneDeploy, os = windows, sku = Free, siteName = sa-compliance-api-2026, siteHostName = sa-compliance-api-2026.azurewebsites.net, deploymentStatus = Success" date="2026-01-07T17:36:44.028" /><!-- duration: 0ms -->
        </step><!-- duration: 2828ms -->
      </step><!-- duration: 2922ms -->
      <step title="Cleaning up temp files" date="2026-01-07T17:36:44.075" /><!-- duration: 0ms -->
      <step title="Skip function trigger and logicapp sync because function is not enabled." date="2026-01-07T17:36:44.075" /><!-- duration: 0ms -->
    </step><!-- duration: 4281ms -->
    <step title="LockFile &apos;C:\home\site\locks\deployments.lock&apos; released" date="2026-01-07T17:36:44.091" /><!-- duration: 16ms -->
    <step title="Deleting shutdown sentinel file" date="2026-01-07T17:36:44.106" SemaphoreCount="8" /><!-- duration: 0ms -->
  </step><!-- duration: 45487ms -->
  <step title="Outgoing response" date="2026-01-07T17:36:44.106" type="response" statusCode="200" statusText="OK" Server="Microsoft-IIS/10.0" x-ms-request-id="503961ec-ebef-11f0-a9d6-2016b9389b03" Cache-Control="private" X-AspNet-Version="4.0.30319" /><!-- duration: 0ms -->
</step><!-- duration: 45502ms -->
