<step title="Incoming Request" date="2026-01-07T17:45:04.620" instance="79e06d" url="/api/publish?type=zip" method="POST" type="request" pid="10144,2,14" Cache-Control="no-cache" Content-Length="54919502" Content-Type="application/octet-stream" Accept="*/*" Accept-Encoding="gzip, deflate" Authorization="Bea..." Host="sa-compliance-api-2026.scm.azurewebsites.net" User-Agent="AZURECLI/2.80.0 (MSI)" x-ms-client-request-id="95a24611-ebf0-11f0-a84b-2016b9389b03" X-ARR-LOG-ID="95a24611-ebf0-11f0-a84b-2016b9389b03" CLIENT-IP="197.221.102.21:60828" X-SITE-DEPLOYMENT-ID="sa-compliance-api-2026" WAS-DEFAULT-HOSTNAME="sa-compliance-api-2026.scm.azurewebsites.net" X-Forwarded-Proto="https" X-AppService-Proto="https" X-Forwarded-TlsVersion="1.3" X-WAWS-Unencoded-URL="/api/publish?type=zip" >
  <step title="Cleanup Xml Logs" date="2026-01-07T17:45:04.620" /><!-- duration: 0ms -->
  <step title="OneDeploy" date="2026-01-07T17:45:04.683" >
    <step title="Starting PushDeployAsync" date="2026-01-07T17:45:04.698" /><!-- duration: 0ms -->
    <step title="Updating shutdown sentinel last write time" date="2026-01-07T17:45:04.745" SemaphoreCount="7" /><!-- duration: 16ms -->
    <step title="LockFile &apos;C:\home\site\locks\deployments.lock&apos; acquired" date="2026-01-07T17:45:04.761" /><!-- duration: 0ms -->
    <step title="Saving request content to C:\local\Temp\zipdeploy\1ceqzm14.zip" date="2026-01-07T17:45:04.761" >
      <step title="Writing 35,958,784 bytes to C:\local\Temp\zipdeploy\1ceqzm14.zip" date="2026-01-07T17:45:34.767" /><!-- duration: 0ms -->
      <step title="Total 54,919,502 bytes written to C:\local\Temp\zipdeploy\1ceqzm14.zip" date="2026-01-07T17:46:00.096" /><!-- duration: 0ms -->
    </step><!-- duration: 55336ms -->
    <step title="LockFile &apos;C:\home\site\locks\deployments.lock&apos; released" date="2026-01-07T17:46:00.096" /><!-- duration: 0ms -->
    <step title="Deleting shutdown sentinel file" date="2026-01-07T17:46:00.112" SemaphoreCount="8" /><!-- duration: 0ms -->
    <step title="Starting FetchDeploy" date="2026-01-07T17:46:00.112" /><!-- duration: 0ms -->
    <step title="Attempting to fetch target branch HEAD" date="2026-01-07T17:46:00.112" /><!-- duration: 0ms -->
    <step title="Updating shutdown sentinel last write time" date="2026-01-07T17:46:00.128" SemaphoreCount="7" /><!-- duration: 0ms -->
    <step title="LockFile &apos;C:\home\site\locks\deployments.lock&apos; acquired" date="2026-01-07T17:46:00.128" /><!-- duration: 0ms -->
    <step title="Performing fetch based deployment" date="2026-01-07T17:46:00.143" >
      <step title="Creating temporary deployment" date="2026-01-07T17:46:00.143" /><!-- duration: 31ms -->
      <step title="Fetching changes." date="2026-01-07T17:46:00.206" /><!-- duration: 0ms -->
      <step title="Starting LocalZipHandler" date="2026-01-07T17:46:00.221" /><!-- duration: 0ms -->
      <step title="Starting LocalZipFetch" date="2026-01-07T17:46:00.221" /><!-- duration: 0ms -->
      <step title="Cleaning up temp folders from previous zip deployments and extracting pushed zip file C:\local\Temp\zipdeploy\1ceqzm14.zip (52.38 MB) to C:\local\Temp\zipdeploy\extracted" date="2026-01-07T17:46:00.221" /><!-- duration: 16ms -->
      <step title="Cleaning up temp folders from previous zip deployments and extracting pushed zip file C:\local\Temp\zipdeploy\1ceqzm14.zip (52.38 MB) to C:\local\Temp\zipdeploy\extracted" date="2026-01-07T17:46:00.237" >
        <step title="Renaming extractTargetDirectory(C:\local\Temp\zipdeploy\extracted) to tempDirectory(C:\local\Temp\zipdeploy\fwbrvtoc.jex)" date="2026-01-07T17:46:00.237" /><!-- duration: 0ms -->
        <step title="Extracting 309 entries to C:\local\Temp\zipdeploy\extracted directory" date="2026-01-07T17:46:00.253" >
          <step title="Extracting to C:\local\Temp\zipdeploy\extracted\CodeCoverage\CodeCoverage.config ..." date="2026-01-07T17:46:00.253" /><!-- duration: 0ms -->
          <step title="Extracting to C:\local\Temp\zipdeploy\extracted\CodeCoverage\CodeCoverage.exe ..." date="2026-01-07T17:46:00.268" /><!-- duration: 0ms -->
          <step title="Extracting to C:\local\Temp\zipdeploy\extracted\CodeCoverage\codecoveragemessages.dll ..." date="2026-01-07T17:46:00.284" /><!-- duration: 0ms -->
          <step title="Extracting to C:\local\Temp\zipdeploy\extracted\CodeCoverage\covrun32.dll ..." date="2026-01-07T17:46:00.284" /><!-- duration: 16ms -->
          <step title="Extracting to C:\local\Temp\zipdeploy\extracted\CodeCoverage\msdia140.dll ..." date="2026-01-07T17:46:00.300" /><!-- duration: 31ms -->
          <step title="Omitting extracting file traces ..." date="2026-01-07T17:46:00.331" /><!-- duration: 0ms -->
        </step><!-- duration: 1750ms -->
      </step><!-- duration: 1766ms -->
      <step title="None repository commit" date="2026-01-07T17:46:02.018" >
        <step title="Commit id: 98c123092f4c43fa87fdff6f3db48a7c" date="2026-01-07T17:46:02.018" Message="OneDeploy" AuthorName="N/A" AuthorEmail="N/A" /><!-- duration: 0ms -->
      </step><!-- duration: 0ms -->
      <step title="Before sending BuildRequestReceived status to /api/updatedeploystatus" date="2026-01-07T17:46:02.018" /><!-- duration: 0ms -->
      <step title="DeploymentManager.Deploy(id:98c123092f4c43fa87fdff6f3db48a7c)" date="2026-01-07T17:46:02.018" >
        <step title="Collecting changeset information" date="2026-01-07T17:46:02.034" /><!-- duration: 16ms -->
        <step title="Updating submodules" date="2026-01-07T17:46:02.050" >
          <step title="Updating submodules." date="2026-01-07T17:46:02.065" /><!-- duration: 0ms -->
        </step><!-- duration: 16ms -->
        <step title="Preparing deployment for commit id &apos;98c123092f&apos;." date="2026-01-07T17:46:02.096" /><!-- duration: 0ms -->
        <step title="Determining deployment builder" date="2026-01-07T17:46:02.112" >
          <step title="Builder is OneDeployBuilder" date="2026-01-07T17:46:02.112" /><!-- duration: 0ms -->
        </step><!-- duration: 0ms -->
        <step title="Copying SSH keys" date="2026-01-07T17:46:02.128" /><!-- duration: 0ms -->
        <step title="Building" date="2026-01-07T17:46:02.128" >
          <step title="Running build. Project type: OneDeploy" date="2026-01-07T17:46:02.143" /><!-- duration: 0ms -->
          <step title="Copying the manifest" date="2026-01-07T17:46:02.159" /><!-- duration: 0ms -->
          <step title="Clean deploying to C:\home\site\wwwroot" date="2026-01-07T17:46:02.190" /><!-- duration: 0ms -->
          <step title="Generating deployment script." date="2026-01-07T17:46:02.206" /><!-- duration: 0ms -->
          <step title="Generating deployment script" date="2026-01-07T17:46:02.206" >
            <step title="Using cached version of the deployment script for command: -y --no-dot-deployment -r &quot;C:\local\Temp\zipdeploy\extracted&quot; -o &quot;C:\home\site\deployments\tools&quot; --basic --sitePath &quot;C:\local\Temp\zipdeploy\extracted&quot;" date="2026-01-07T17:46:02.253" /><!-- duration: 0ms -->
            <step title="Using cached version of deployment script (command: &apos;azure -y --no-dot-deployment -r &quot;C:\local\Temp\zipdeploy\extracted&quot; -o &quot;C:\home\site\deployments\tools&quot; --basic --sitePath &quot;C:\local\Temp\zipdeploy\extracted&quot;&apos;)." date="2026-01-07T17:46:02.268" /><!-- duration: 0ms -->
          </step><!-- duration: 78ms -->
          <step title="Running deployment command..." date="2026-01-07T17:46:02.300" /><!-- duration: 0ms -->
          <step title="Command: &quot;C:\home\site\deployments\tools\deploy.cmd&quot;" date="2026-01-07T17:46:02.300" /><!-- duration: 16ms -->
          <step title="Executing external process" date="2026-01-07T17:46:02.315" type="process" path="starter.cmd" arguments="&quot;C:\home\site\deployments\tools\deploy.cmd&quot;" >
            <step title="Handling Basic Web Site deployment." date="2026-01-07T17:46:02.440" /><!-- duration: 0ms -->
            <step title="Creating app_offline.htm" date="2026-01-07T17:46:02.581" /><!-- duration: 0ms -->
            <step title="KuduSync.NET from: &apos;C:\local\Temp\zipdeploy\extracted&apos; to: &apos;C:\home\site\wwwroot&apos;" date="2026-01-07T17:46:02.581" /><!-- duration: 0ms -->
            <step title="Copying file: &apos;appsettings.json&apos;" date="2026-01-07T17:46:02.581" /><!-- duration: 16ms -->
            <step title="Copying file: &apos;coverlet.collector.deps.json&apos;" date="2026-01-07T17:46:02.597" /><!-- duration: 0ms -->
            <step title="Copying file: &apos;coverlet.collector.dll&apos;" date="2026-01-07T17:46:02.612" /><!-- duration: 0ms -->
            <step title="Copying file: &apos;coverlet.collector.pdb&apos;" date="2026-01-07T17:46:02.612" /><!-- duration: 0ms -->
            <step title="Copying file: &apos;coverlet.collector.targets&apos;" date="2026-01-07T17:46:02.612" /><!-- duration: 0ms -->
            <step title="Copying file: &apos;coverlet.core.dll&apos;" date="2026-01-07T17:46:02.628" /><!-- duration: 0ms -->
            <step title="Copying file: &apos;coverlet.core.pdb&apos;" date="2026-01-07T17:46:02.628" /><!-- duration: 0ms -->
            <step title="Copying file: &apos;Microsoft.Bcl.AsyncInterfaces.dll&apos;" date="2026-01-07T17:46:02.628" /><!-- duration: 16ms -->
            <step title="Copying file: &apos;Microsoft.CodeCoverage.Core.dll&apos;" date="2026-01-07T17:46:02.643" /><!-- duration: 0ms -->
            <step title="Copying file: &apos;Microsoft.CodeCoverage.Instrumentation.dll&apos;" date="2026-01-07T17:46:02.643" /><!-- duration: 0ms -->
            <step title="Copying file: &apos;Microsoft.CodeCoverage.Interprocess.dll&apos;" date="2026-01-07T17:46:02.659" /><!-- duration: 0ms -->
            <step title="Copying file: &apos;Microsoft.CodeCoverage.props&apos;" date="2026-01-07T17:46:02.659" /><!-- duration: 0ms -->
            <step title="Copying file: &apos;Microsoft.CodeCoverage.targets&apos;" date="2026-01-07T17:46:02.659" /><!-- duration: 16ms -->
            <step title="Copying file: &apos;Microsoft.CSharp.dll&apos;" date="2026-01-07T17:46:02.675" /><!-- duration: 0ms -->
            <step title="Copying file: &apos;Microsoft.DiaSymReader.dll&apos;" date="2026-01-07T17:46:02.675" /><!-- duration: 0ms -->
            <step title="Copying file: &apos;Microsoft.DotNet.PlatformAbstractions.dll&apos;" date="2026-01-07T17:46:02.690" /><!-- duration: 0ms -->
            <step title="Copying file: &apos;Microsoft.Extensions.Caching.Abstractions.dll&apos;" date="2026-01-07T17:46:02.690" /><!-- duration: 0ms -->
            <step title="Copying file: &apos;Microsoft.Extensions.Configuration.Abstractions.dll&apos;" date="2026-01-07T17:46:02.690" /><!-- duration: 16ms -->
            <step title="Copying file: &apos;Microsoft.Extensions.DependencyModel.dll&apos;" date="2026-01-07T17:46:02.706" /><!-- duration: 0ms -->
            <step title="Copying file: &apos;Microsoft.Extensions.FileSystemGlobbing.dll&apos;" date="2026-01-07T17:46:02.722" /><!-- duration: 0ms -->
            <step title="Copying file: &apos;Microsoft.Extensions.Primitives.dll&apos;" date="2026-01-07T17:46:02.722" /><!-- duration: 0ms -->
            <step title="Copying file: &apos;Microsoft.IdentityModel.Protocols.dll&apos;" date="2026-01-07T17:46:02.737" /><!-- duration: 0ms -->
            <step title="Copying file: &apos;Microsoft.IdentityModel.Protocols.OpenIdConnect.dll&apos;" date="2026-01-07T17:46:02.737" /><!-- duration: 0ms -->
            <step title="Copying file: &apos;Microsoft.TestPlatform.CommunicationUtilities.dll&apos;" date="2026-01-07T17:46:02.737" /><!-- duration: 0ms -->
            <step title="Copying file: &apos;Microsoft.TestPlatform.CoreUtilities.dll&apos;" date="2026-01-07T17:46:02.753" /><!-- duration: 0ms -->
            <step title="Copying file: &apos;Microsoft.TestPlatform.CrossPlatEngine.dll&apos;" date="2026-01-07T17:46:02.753" /><!-- duration: 0ms -->
            <step title="Copying file: &apos;Microsoft.TestPlatform.PlatformAbstractions.dll&apos;" date="2026-01-07T17:46:02.768" /><!-- duration: 0ms -->
            <step title="Copying file: &apos;Microsoft.TestPlatform.Utilities.dll&apos;" date="2026-01-07T17:46:02.768" /><!-- duration: 0ms -->
            <step title="Copying file: &apos;Microsoft.VisualStudio.CodeCoverage.Shim.dll&apos;" date="2026-01-07T17:46:02.768" /><!-- duration: 16ms -->
            <step title="Copying file: &apos;Microsoft.VisualStudio.TestPlatform.Common.dll&apos;" date="2026-01-07T17:46:02.784" /><!-- duration: 0ms -->
            <step title="Copying file: &apos;Microsoft.VisualStudio.TestPlatform.ObjectModel.dll&apos;" date="2026-01-07T17:46:02.784" /><!-- duration: 0ms -->
            <step title="Copying file: &apos;Microsoft.VisualStudio.TraceDataCollector.dll&apos;" date="2026-01-07T17:46:02.800" /><!-- duration: 0ms -->
            <step title="Copying file: &apos;Mono.Cecil.dll&apos;" date="2026-01-07T17:46:02.800" /><!-- duration: 0ms -->
            <step title="Copying file: &apos;Mono.Cecil.Mdb.dll&apos;" date="2026-01-07T17:46:02.800" /><!-- duration: 0ms -->
            <step title="Copying file: &apos;Mono.Cecil.Pdb.dll&apos;" date="2026-01-07T17:46:02.815" /><!-- duration: 0ms -->
            <step title="Copying file: &apos;Mono.Cecil.Rocks.dll&apos;" date="2026-01-07T17:46:02.831" /><!-- duration: 0ms -->
            <step title="Copying file: &apos;Newtonsoft.Json.dll&apos;" date="2026-01-07T17:46:02.831" /><!-- duration: 0ms -->
            <step title="Copying file: &apos;NuGet.Frameworks.dll&apos;" date="2026-01-07T17:46:02.831" /><!-- duration: 16ms -->
            <step title="Copying file: &apos;SaCompliance.Application.deps.json&apos;" date="2026-01-07T17:46:02.847" /><!-- duration: 0ms -->
            <step title="Copying file: &apos;SaCompliance.Domain.deps.json&apos;" date="2026-01-07T17:46:02.847" /><!-- duration: 16ms -->
            <step title="Copying file: &apos;SaCompliance.Infrastructure.deps.json&apos;" date="2026-01-07T17:46:02.862" /><!-- duration: 0ms -->
            <step title="Copying file: &apos;SaCompliance.Infrastructure.runtimeconfig.json&apos;" date="2026-01-07T17:46:02.862" /><!-- duration: 0ms -->
            <step title="Copying file: &apos;SaCompliance.Tests.deps.json&apos;" date="2026-01-07T17:46:02.878" /><!-- duration: 0ms -->
            <step title="Copying file: &apos;SaCompliance.Tests.dll&apos;" date="2026-01-07T17:46:02.878" /><!-- duration: 0ms -->
            <step title="Copying file: &apos;SaCompliance.Tests.pdb&apos;" date="2026-01-07T17:46:02.893" /><!-- duration: 0ms -->
            <step title="Copying file: &apos;SaCompliance.Tests.runtimeconfig.json&apos;" date="2026-01-07T17:46:02.893" /><!-- duration: 0ms -->
            <step title="Copying file: &apos;System.AppContext.dll&apos;" date="2026-01-07T17:46:02.893" /><!-- duration: 16ms -->
            <step title="Copying file: &apos;System.Collections.Immutable.dll&apos;" date="2026-01-07T17:46:02.909" /><!-- duration: 0ms -->
            <step title="Omitting next output lines..." date="2026-01-07T17:46:02.909" /><!-- duration: 0ms -->
            <step title="Finished successfully." date="2026-01-07T17:46:04.769" /><!-- duration: 0ms -->
          </step><!-- duration: 2454ms -->
          <step title="Build completed succesfully." date="2026-01-07T17:46:04.785" /><!-- duration: 0ms -->
          <step title="Running post deployment command(s)..." date="2026-01-07T17:46:04.800" /><!-- duration: 0ms -->
          <step title="Requesting site restart" date="2026-01-07T17:46:04.832" /><!-- duration: 0ms -->
          <step title="Requesting site restart" date="2026-01-07T17:46:04.832" /><!-- duration: 0ms -->
          <step title="Requesting site restart. Attempt #1" date="2026-01-07T17:46:04.847" /><!-- duration: 0ms -->
          <step title="Requesting site restart. Attempt #1" date="2026-01-07T17:46:04.863" /><!-- duration: 0ms -->
          <step title="Successfully requested a restart. Attempt #1" date="2026-01-07T17:46:05.222" /><!-- duration: 0ms -->
          <step title="Successfully requested a restart. Attempt #1" date="2026-01-07T17:46:05.222" /><!-- duration: 0ms -->
          <step title="Deployment successful. DEPLOYMENTINFO: deploymentPath = OneDeploy, deployer = OneDeploy, os = windows, sku = Free, siteName = sa-compliance-api-2026, siteHostName = sa-compliance-api-2026.azurewebsites.net, deploymentStatus = Success" date="2026-01-07T17:46:05.238" /><!-- duration: 0ms -->
        </step><!-- duration: 3188ms -->
      </step><!-- duration: 3298ms -->
      <step title="Cleaning up temp files" date="2026-01-07T17:46:05.316" /><!-- duration: 16ms -->
      <step title="Skip function trigger and logicapp sync because function is not enabled." date="2026-01-07T17:46:05.332" /><!-- duration: 0ms -->
    </step><!-- duration: 5204ms -->
    <step title="LockFile &apos;C:\home\site\locks\deployments.lock&apos; released" date="2026-01-07T17:46:05.347" /><!-- duration: 0ms -->
    <step title="Deleting shutdown sentinel file" date="2026-01-07T17:46:05.347" SemaphoreCount="8" /><!-- duration: 0ms -->
  </step><!-- duration: 60680ms -->
  <step title="Outgoing response" date="2026-01-07T17:46:05.363" type="response" statusCode="200" statusText="OK" Server="Microsoft-IIS/10.0" x-ms-request-id="95a24611-ebf0-11f0-a84b-2016b9389b03" Cache-Control="private" X-AspNet-Version="4.0.30319" /><!-- duration: 0ms -->
</step><!-- duration: 60743ms -->
