<step title="BackgroundTrace" date="2026-01-07T17:22:51.356" instance="79e06d" url="/api/zipdeploy" method="POST" >
  <step title="Cleanup Xml Logs" date="2026-01-07T17:22:51.356" /><!-- duration: 0ms -->
  <step title="Updating shutdown sentinel last write time" date="2026-01-07T17:22:51.372" SemaphoreCount="7" /><!-- duration: 0ms -->
  <step title="LockFile &apos;C:\home\site\locks\deployments.lock&apos; acquired" date="2026-01-07T17:22:51.372" /><!-- duration: 0ms -->
  <step title="Creating temporary deployment" date="2026-01-07T17:22:51.387" /><!-- duration: 31ms -->
  <step title="Performing fetch based deployment" date="2026-01-07T17:22:51.419" >
    <step title="Fetching changes." date="2026-01-07T17:22:51.466" /><!-- duration: 0ms -->
    <step title="Starting LocalZipHandler" date="2026-01-07T17:22:51.466" /><!-- duration: 0ms -->
    <step title="Cleaning up temp folders from previous zip deployments and extracting pushed zip file C:\local\Temp\zipdeploy\ejmcnpdr.zip (40.04 MB) to C:\local\Temp\zipdeploy\extracted" date="2026-01-07T17:22:51.481" /><!-- duration: 0ms -->
    <step title="Cleaning up temp folders from previous zip deployments and extracting pushed zip file C:\local\Temp\zipdeploy\ejmcnpdr.zip (40.04 MB) to C:\local\Temp\zipdeploy\extracted" date="2026-01-07T17:22:51.481" >
      <step title="Extracting 121 entries to C:\local\Temp\zipdeploy\extracted directory" date="2026-01-07T17:22:51.497" >
        <step title="Extracting to C:\local\Temp\zipdeploy\extracted\LatoFont\Lato-Black.ttf ..." date="2026-01-07T17:22:51.497" /><!-- duration: 31ms -->
        <step title="Extracting to C:\local\Temp\zipdeploy\extracted\LatoFont\Lato-BlackItalic.ttf ..." date="2026-01-07T17:22:51.528" /><!-- duration: 0ms -->
        <step title="Extracting to C:\local\Temp\zipdeploy\extracted\LatoFont\Lato-Bold.ttf ..." date="2026-01-07T17:22:51.544" /><!-- duration: 0ms -->
        <step title="Extracting to C:\local\Temp\zipdeploy\extracted\LatoFont\Lato-BoldItalic.ttf ..." date="2026-01-07T17:22:51.544" /><!-- duration: 16ms -->
        <step title="Extracting to C:\local\Temp\zipdeploy\extracted\LatoFont\Lato-ExtraBold.ttf ..." date="2026-01-07T17:22:51.559" /><!-- duration: 16ms -->
        <step title="Omitting extracting file traces ..." date="2026-01-07T17:22:51.575" /><!-- duration: 16ms -->
      </step><!-- duration: 1297ms -->
    </step><!-- duration: 1313ms -->
    <step title="Before sending BuildRequestReceived status to /api/updatedeploystatus" date="2026-01-07T17:22:52.794" /><!-- duration: 0ms -->
    <step title="DeploymentManager.Deploy(id:b4ea2334b90040ae895e3c0d59b648df)" date="2026-01-07T17:22:52.809" >
      <step title="Collecting changeset information" date="2026-01-07T17:22:52.809" /><!-- duration: 16ms -->
      <step title="Updating submodules" date="2026-01-07T17:22:52.825" >
        <step title="Updating submodules." date="2026-01-07T17:22:52.841" /><!-- duration: 0ms -->
      </step><!-- duration: 16ms -->
      <step title="Preparing deployment for commit id &apos;b4ea2334b9&apos;." date="2026-01-07T17:22:52.872" /><!-- duration: 0ms -->
      <step title="Determining deployment builder" date="2026-01-07T17:22:52.887" >
        <step title="Builder is BasicBuilder" date="2026-01-07T17:22:52.887" /><!-- duration: 0ms -->
      </step><!-- duration: 0ms -->
      <step title="Copying SSH keys" date="2026-01-07T17:22:52.903" /><!-- duration: 0ms -->
      <step title="Building" date="2026-01-07T17:22:52.903" >
        <step title="Generating deployment script." date="2026-01-07T17:22:52.919" /><!-- duration: 0ms -->
        <step title="Generating deployment script" date="2026-01-07T17:22:52.919" >
          <step title="Using the following command to generate deployment script: &apos;azure site deploymentscript -y --no-dot-deployment -r &quot;C:\local\Temp\zipdeploy\extracted&quot; -o &quot;C:\home\site\deployments\tools&quot; --basic --sitePath &quot;C:\local\Temp\zipdeploy\extracted&quot;&apos;." date="2026-01-07T17:22:52.966" /><!-- duration: 0ms -->
          <step title="Executing external process" date="2026-01-07T17:22:52.966" type="process" path="starter.cmd" arguments="&quot;C:\Program Files (x86)\SiteExtensions\Kudu\2025.11.1.1\bin\node_modules\.bin\kuduscript.cmd&quot; -y --no-dot-deployment -r &quot;C:\local\Temp\zipdeploy\extracted&quot; -o &quot;C:\home\site\deployments\tools&quot; --basic --sitePath &quot;C:\local\Temp\zipdeploy\extracted&quot;" >
            <step title="Generating deployment script for Web Site" date="2026-01-07T17:22:53.091" /><!-- duration: 0ms -->
            <step title="Generated deployment script files" date="2026-01-07T17:22:53.091" /><!-- duration: 0ms -->
          </step><!-- duration: 141ms -->
          <step title="Saved cached version of the deployment script for command -y --no-dot-deployment -r &quot;C:\local\Temp\zipdeploy\extracted&quot; -o &quot;C:\home\site\deployments\tools&quot; --basic --sitePath &quot;C:\local\Temp\zipdeploy\extracted&quot;" date="2026-01-07T17:22:53.106" /><!-- duration: 0ms -->
        </step><!-- duration: 188ms -->
        <step title="Running deployment command..." date="2026-01-07T17:22:53.137" /><!-- duration: 0ms -->
        <step title="Command: &quot;C:\home\site\deployments\tools\deploy.cmd&quot;" date="2026-01-07T17:22:53.169" /><!-- duration: 0ms -->
        <step title="Executing external process" date="2026-01-07T17:22:53.184" type="process" path="starter.cmd" arguments="&quot;C:\home\site\deployments\tools\deploy.cmd&quot;" >
          <step title="Handling Basic Web Site deployment." date="2026-01-07T17:22:53.294" /><!-- duration: 0ms -->
          <step title="Creating app_offline.htm" date="2026-01-07T17:22:53.434" /><!-- duration: 0ms -->
          <step title="KuduSync.NET from: &apos;C:\local\Temp\zipdeploy\extracted&apos; to: &apos;C:\home\site\wwwroot&apos;" date="2026-01-07T17:22:53.434" /><!-- duration: 16ms -->
          <step title="Deleting file: &apos;hostingstart.html&apos;" date="2026-01-07T17:22:53.450" /><!-- duration: 0ms -->
          <step title="Copying file: &apos;appsettings.Development.json&apos;" date="2026-01-07T17:22:53.450" /><!-- duration: 0ms -->
          <step title="Copying file: &apos;appsettings.json&apos;" date="2026-01-07T17:22:53.450" /><!-- duration: 16ms -->
          <step title="Copying file: &apos;Azure.Core.dll&apos;" date="2026-01-07T17:22:53.466" /><!-- duration: 0ms -->
          <step title="Copying file: &apos;Azure.Identity.dll&apos;" date="2026-01-07T17:22:53.466" /><!-- duration: 0ms -->
          <step title="Copying file: &apos;BCrypt.Net-Next.dll&apos;" date="2026-01-07T17:22:53.481" /><!-- duration: 0ms -->
          <step title="Copying file: &apos;Microsoft.AspNetCore.Authentication.JwtBearer.dll&apos;" date="2026-01-07T17:22:53.481" /><!-- duration: 0ms -->
          <step title="Copying file: &apos;Microsoft.AspNetCore.OpenApi.dll&apos;" date="2026-01-07T17:22:53.481" /><!-- duration: 0ms -->
          <step title="Copying file: &apos;Microsoft.Bcl.AsyncInterfaces.dll&apos;" date="2026-01-07T17:22:53.497" /><!-- duration: 0ms -->
          <step title="Copying file: &apos;Microsoft.Bcl.TimeProvider.dll&apos;" date="2026-01-07T17:22:53.497" /><!-- duration: 0ms -->
          <step title="Copying file: &apos;Microsoft.Data.SqlClient.dll&apos;" date="2026-01-07T17:22:53.497" /><!-- duration: 0ms -->
          <step title="Copying file: &apos;Microsoft.EntityFrameworkCore.Abstractions.dll&apos;" date="2026-01-07T17:22:53.497" /><!-- duration: 16ms -->
          <step title="Copying file: &apos;Microsoft.EntityFrameworkCore.dll&apos;" date="2026-01-07T17:22:53.512" /><!-- duration: 0ms -->
          <step title="Copying file: &apos;Microsoft.EntityFrameworkCore.Relational.dll&apos;" date="2026-01-07T17:22:53.512" /><!-- duration: 0ms -->
          <step title="Copying file: &apos;Microsoft.EntityFrameworkCore.SqlServer.dll&apos;" date="2026-01-07T17:22:53.512" /><!-- duration: 16ms -->
          <step title="Copying file: &apos;Microsoft.Extensions.Caching.Memory.dll&apos;" date="2026-01-07T17:22:53.528" /><!-- duration: 0ms -->
          <step title="Copying file: &apos;Microsoft.Extensions.DependencyInjection.Abstractions.dll&apos;" date="2026-01-07T17:22:53.528" /><!-- duration: 0ms -->
          <step title="Copying file: &apos;Microsoft.Extensions.DependencyInjection.dll&apos;" date="2026-01-07T17:22:53.528" /><!-- duration: 0ms -->
          <step title="Copying file: &apos;Microsoft.Extensions.Logging.Abstractions.dll&apos;" date="2026-01-07T17:22:53.544" /><!-- duration: 0ms -->
          <step title="Copying file: &apos;Microsoft.Extensions.Logging.dll&apos;" date="2026-01-07T17:22:53.544" /><!-- duration: 0ms -->
          <step title="Copying file: &apos;Microsoft.Extensions.Options.dll&apos;" date="2026-01-07T17:22:53.544" /><!-- duration: 16ms -->
          <step title="Copying file: &apos;Microsoft.Identity.Client.dll&apos;" date="2026-01-07T17:22:53.559" /><!-- duration: 0ms -->
          <step title="Copying file: &apos;Microsoft.Identity.Client.Extensions.Msal.dll&apos;" date="2026-01-07T17:22:53.559" /><!-- duration: 0ms -->
          <step title="Copying file: &apos;Microsoft.IdentityModel.Abstractions.dll&apos;" date="2026-01-07T17:22:53.559" /><!-- duration: 16ms -->
          <step title="Copying file: &apos;Microsoft.IdentityModel.JsonWebTokens.dll&apos;" date="2026-01-07T17:22:53.575" /><!-- duration: 0ms -->
          <step title="Copying file: &apos;Microsoft.IdentityModel.Logging.dll&apos;" date="2026-01-07T17:22:53.575" /><!-- duration: 0ms -->
          <step title="Copying file: &apos;Microsoft.IdentityModel.Protocols.dll&apos;" date="2026-01-07T17:22:53.591" /><!-- duration: 0ms -->
          <step title="Copying file: &apos;Microsoft.IdentityModel.Protocols.OpenIdConnect.dll&apos;" date="2026-01-07T17:22:53.591" /><!-- duration: 0ms -->
          <step title="Copying file: &apos;Microsoft.IdentityModel.Tokens.dll&apos;" date="2026-01-07T17:22:53.591" /><!-- duration: 0ms -->
          <step title="Copying file: &apos;Microsoft.OpenApi.dll&apos;" date="2026-01-07T17:22:53.606" /><!-- duration: 0ms -->
          <step title="Copying file: &apos;Microsoft.SqlServer.Server.dll&apos;" date="2026-01-07T17:22:53.606" /><!-- duration: 0ms -->
          <step title="Copying file: &apos;Microsoft.Win32.SystemEvents.dll&apos;" date="2026-01-07T17:22:53.606" /><!-- duration: 0ms -->
          <step title="Copying file: &apos;QuestPDF.dll&apos;" date="2026-01-07T17:22:53.622" /><!-- duration: 0ms -->
          <step title="Copying file: &apos;SaCompliance.Api.deps.json&apos;" date="2026-01-07T17:22:53.622" /><!-- duration: 0ms -->
          <step title="Copying file: &apos;SaCompliance.Api.dll&apos;" date="2026-01-07T17:22:53.622" /><!-- duration: 0ms -->
          <step title="Copying file: &apos;SaCompliance.Api.exe&apos;" date="2026-01-07T17:22:53.637" /><!-- duration: 0ms -->
          <step title="Copying file: &apos;SaCompliance.Api.pdb&apos;" date="2026-01-07T17:22:53.637" /><!-- duration: 0ms -->
          <step title="Copying file: &apos;SaCompliance.Api.runtimeconfig.json&apos;" date="2026-01-07T17:22:53.637" /><!-- duration: 0ms -->
          <step title="Copying file: &apos;SaCompliance.Application.dll&apos;" date="2026-01-07T17:22:53.653" /><!-- duration: 0ms -->
          <step title="Copying file: &apos;SaCompliance.Application.pdb&apos;" date="2026-01-07T17:22:53.653" /><!-- duration: 0ms -->
          <step title="Copying file: &apos;SaCompliance.Domain.dll&apos;" date="2026-01-07T17:22:53.653" /><!-- duration: 16ms -->
          <step title="Copying file: &apos;SaCompliance.Domain.pdb&apos;" date="2026-01-07T17:22:53.684" /><!-- duration: 0ms -->
          <step title="Copying file: &apos;SaCompliance.Infrastructure.dll&apos;" date="2026-01-07T17:22:53.700" /><!-- duration: 0ms -->
          <step title="Copying file: &apos;SaCompliance.Infrastructure.pdb&apos;" date="2026-01-07T17:22:53.700" /><!-- duration: 0ms -->
          <step title="Copying file: &apos;Swashbuckle.AspNetCore.Swagger.dll&apos;" date="2026-01-07T17:22:53.700" /><!-- duration: 16ms -->
          <step title="Copying file: &apos;Swashbuckle.AspNetCore.SwaggerGen.dll&apos;" date="2026-01-07T17:22:53.716" /><!-- duration: 0ms -->
          <step title="Copying file: &apos;Swashbuckle.AspNetCore.SwaggerUI.dll&apos;" date="2026-01-07T17:22:53.731" /><!-- duration: 0ms -->
          <step title="Copying file: &apos;System.Configuration.ConfigurationManager.dll&apos;" date="2026-01-07T17:22:53.731" /><!-- duration: 0ms -->
          <step title="Omitting next output lines..." date="2026-01-07T17:22:53.731" /><!-- duration: 0ms -->
          <step title="Finished successfully." date="2026-01-07T17:22:54.028" /><!-- duration: 0ms -->
        </step><!-- duration: 844ms -->
        <step title="Running post deployment command(s)..." date="2026-01-07T17:22:54.044" /><!-- duration: 0ms -->
        <step title="Triggering recycle (preview mode disabled)." date="2026-01-07T17:22:54.075" /><!-- duration: 0ms -->
        <step title="Ignoring FS watcher based recycle request as this is a classic Windows app." date="2026-01-07T17:22:54.075" /><!-- duration: 0ms -->
        <step title="Deployment successful. DEPLOYMENTINFO: deploymentPath = ZipDeploy. Extract zip. , deployer = ZipDeploy, os = windows, sku = Free, siteName = sa-compliance-api-2026, siteHostName = sa-compliance-api-2026.azurewebsites.net, deploymentStatus = Success" date="2026-01-07T17:22:54.091" /><!-- duration: 0ms -->
      </step><!-- duration: 1250ms -->
    </step><!-- duration: 1344ms -->
    <step title="Cleaning up temp files" date="2026-01-07T17:22:54.169" /><!-- duration: 0ms -->
    <step title="Skip function trigger and logicapp sync because function is not enabled." date="2026-01-07T17:22:54.169" /><!-- duration: 0ms -->
  </step><!-- duration: 2766ms -->
  <step title="LockFile &apos;C:\home\site\locks\deployments.lock&apos; released" date="2026-01-07T17:22:54.184" /><!-- duration: 0ms -->
  <step title="Deleting shutdown sentinel file" date="2026-01-07T17:22:54.200" SemaphoreCount="8" /><!-- duration: 0ms -->
</step><!-- duration: 2844ms -->
