<step title="Incoming Request" date="2026-01-07T17:26:17.357" instance="79e06d" url="/api/publish?type=zip" method="POST" type="request" pid="9960,2,30" Cache-Control="no-cache" Content-Length="41982789" Content-Type="application/octet-stream" Accept="*/*" Accept-Encoding="gzip, deflate" Authorization="Bea..." Host="sa-compliance-api-2026.scm.azurewebsites.net" User-Agent="AZURECLI/2.80.0 (MSI)" x-ms-client-request-id="f379b5b2-ebed-11f0-9cd3-2016b9389b03" X-ARR-LOG-ID="f379b5b2-ebed-11f0-9cd3-2016b9389b03" CLIENT-IP="197.221.102.21:59703" X-SITE-DEPLOYMENT-ID="sa-compliance-api-2026" WAS-DEFAULT-HOSTNAME="sa-compliance-api-2026.scm.azurewebsites.net" X-Forwarded-Proto="https" X-AppService-Proto="https" X-Forwarded-TlsVersion="1.3" X-WAWS-Unencoded-URL="/api/publish?type=zip" >
  <step title="Cleanup Xml Logs" date="2026-01-07T17:26:17.357" /><!-- duration: 0ms -->
  <step title="OneDeploy" date="2026-01-07T17:26:17.373" >
    <step title="Starting PushDeployAsync" date="2026-01-07T17:26:17.373" /><!-- duration: 0ms -->
    <step title="Updating shutdown sentinel last write time" date="2026-01-07T17:26:17.388" SemaphoreCount="7" /><!-- duration: 0ms -->
    <step title="LockFile &apos;C:\home\site\locks\deployments.lock&apos; acquired" date="2026-01-07T17:26:17.388" /><!-- duration: 16ms -->
    <step title="Saving request content to C:\local\Temp\zipdeploy\u4axtq5f.zip" date="2026-01-07T17:26:17.404" >
      <step title="Writing 36,401,152 bytes to C:\local\Temp\zipdeploy\u4axtq5f.zip" date="2026-01-07T17:26:47.427" /><!-- duration: 16ms -->
      <step title="Total 41,982,789 bytes written to C:\local\Temp\zipdeploy\u4axtq5f.zip" date="2026-01-07T17:26:52.270" /><!-- duration: 0ms -->
    </step><!-- duration: 34866ms -->
    <step title="LockFile &apos;C:\home\site\locks\deployments.lock&apos; released" date="2026-01-07T17:26:52.270" /><!-- duration: 0ms -->
    <step title="Deleting shutdown sentinel file" date="2026-01-07T17:26:52.270" SemaphoreCount="8" /><!-- duration: 16ms -->
    <step title="Starting FetchDeploy" date="2026-01-07T17:26:52.286" /><!-- duration: 0ms -->
    <step title="Attempting to fetch target branch HEAD" date="2026-01-07T17:26:52.286" /><!-- duration: 0ms -->
    <step title="Updating shutdown sentinel last write time" date="2026-01-07T17:26:52.302" SemaphoreCount="7" /><!-- duration: 0ms -->
    <step title="LockFile &apos;C:\home\site\locks\deployments.lock&apos; acquired" date="2026-01-07T17:26:52.302" /><!-- duration: 0ms -->
    <step title="Performing fetch based deployment" date="2026-01-07T17:26:52.302" >
      <step title="Creating temporary deployment" date="2026-01-07T17:26:52.302" /><!-- duration: 16ms -->
      <step title="Fetching changes." date="2026-01-07T17:26:52.333" /><!-- duration: 0ms -->
      <step title="Starting LocalZipHandler" date="2026-01-07T17:26:52.333" /><!-- duration: 16ms -->
      <step title="Starting LocalZipFetch" date="2026-01-07T17:26:52.349" /><!-- duration: 0ms -->
      <step title="Cleaning up temp folders from previous zip deployments and extracting pushed zip file C:\local\Temp\zipdeploy\u4axtq5f.zip (40.04 MB) to C:\local\Temp\zipdeploy\extracted" date="2026-01-07T17:26:52.349" /><!-- duration: 0ms -->
      <step title="Cleaning up temp folders from previous zip deployments and extracting pushed zip file C:\local\Temp\zipdeploy\u4axtq5f.zip (40.04 MB) to C:\local\Temp\zipdeploy\extracted" date="2026-01-07T17:26:52.349" >
        <step title="Renaming extractTargetDirectory(C:\local\Temp\zipdeploy\extracted) to tempDirectory(C:\local\Temp\zipdeploy\zw4s5fom.vti)" date="2026-01-07T17:26:52.349" /><!-- duration: 0ms -->
        <step title="Extracting 121 entries to C:\local\Temp\zipdeploy\extracted directory" date="2026-01-07T17:26:52.364" >
          <step title="Extracting to C:\local\Temp\zipdeploy\extracted\LatoFont\Lato-Black.ttf ..." date="2026-01-07T17:26:52.364" /><!-- duration: 0ms -->
          <step title="Extracting to C:\local\Temp\zipdeploy\extracted\LatoFont\Lato-BlackItalic.ttf ..." date="2026-01-07T17:26:52.380" /><!-- duration: 0ms -->
          <step title="Extracting to C:\local\Temp\zipdeploy\extracted\LatoFont\Lato-Bold.ttf ..." date="2026-01-07T17:26:52.380" /><!-- duration: 16ms -->
          <step title="Extracting to C:\local\Temp\zipdeploy\extracted\LatoFont\Lato-BoldItalic.ttf ..." date="2026-01-07T17:26:52.395" /><!-- duration: 16ms -->
          <step title="Extracting to C:\local\Temp\zipdeploy\extracted\LatoFont\Lato-ExtraBold.ttf ..." date="2026-01-07T17:26:52.411" /><!-- duration: 16ms -->
          <step title="Omitting extracting file traces ..." date="2026-01-07T17:26:52.427" /><!-- duration: 16ms -->
        </step><!-- duration: 1266ms -->
      </step><!-- duration: 1281ms -->
      <step title="None repository commit" date="2026-01-07T17:26:53.645" >
        <step title="Commit id: d790a3a3296d4768813b49f4671340d9" date="2026-01-07T17:26:53.645" Message="OneDeploy" AuthorName="N/A" AuthorEmail="N/A" /><!-- duration: 0ms -->
      </step><!-- duration: 0ms -->
      <step title="Before sending BuildRequestReceived status to /api/updatedeploystatus" date="2026-01-07T17:26:53.645" /><!-- duration: 0ms -->
      <step title="DeploymentManager.Deploy(id:d790a3a3296d4768813b49f4671340d9)" date="2026-01-07T17:26:53.645" >
        <step title="Collecting changeset information" date="2026-01-07T17:26:53.661" /><!-- duration: 16ms -->
        <step title="Updating submodules" date="2026-01-07T17:26:53.677" >
          <step title="Updating submodules." date="2026-01-07T17:26:53.692" /><!-- duration: 0ms -->
        </step><!-- duration: 16ms -->
        <step title="Preparing deployment for commit id &apos;d790a3a329&apos;." date="2026-01-07T17:26:53.708" /><!-- duration: 0ms -->
        <step title="Determining deployment builder" date="2026-01-07T17:26:53.724" >
          <step title="Builder is OneDeployBuilder" date="2026-01-07T17:26:53.739" /><!-- duration: 0ms -->
        </step><!-- duration: 16ms -->
        <step title="Copying SSH keys" date="2026-01-07T17:26:53.739" /><!-- duration: 0ms -->
        <step title="Building" date="2026-01-07T17:26:53.739" >
          <step title="Running build. Project type: OneDeploy" date="2026-01-07T17:26:53.755" /><!-- duration: 16ms -->
          <step title="Copying the manifest" date="2026-01-07T17:26:53.786" /><!-- duration: 0ms -->
          <step title="Clean deploying to C:\home\site\wwwroot" date="2026-01-07T17:26:53.802" /><!-- duration: 0ms -->
          <step title="Generating deployment script." date="2026-01-07T17:26:53.817" /><!-- duration: 16ms -->
          <step title="Generating deployment script" date="2026-01-07T17:26:53.833" >
            <step title="Using cached version of the deployment script for command: -y --no-dot-deployment -r &quot;C:\local\Temp\zipdeploy\extracted&quot; -o &quot;C:\home\site\deployments\tools&quot; --basic --sitePath &quot;C:\local\Temp\zipdeploy\extracted&quot;" date="2026-01-07T17:26:53.833" /><!-- duration: 0ms -->
            <step title="Using cached version of deployment script (command: &apos;azure -y --no-dot-deployment -r &quot;C:\local\Temp\zipdeploy\extracted&quot; -o &quot;C:\home\site\deployments\tools&quot; --basic --sitePath &quot;C:\local\Temp\zipdeploy\extracted&quot;&apos;)." date="2026-01-07T17:26:53.849" /><!-- duration: 0ms -->
          </step><!-- duration: 31ms -->
          <step title="Running deployment command..." date="2026-01-07T17:26:53.880" /><!-- duration: 0ms -->
          <step title="Command: &quot;C:\home\site\deployments\tools\deploy.cmd&quot;" date="2026-01-07T17:26:53.880" /><!-- duration: 0ms -->
          <step title="Executing external process" date="2026-01-07T17:26:53.895" type="process" path="starter.cmd" arguments="&quot;C:\home\site\deployments\tools\deploy.cmd&quot;" >
            <step title="Handling Basic Web Site deployment." date="2026-01-07T17:26:53.989" /><!-- duration: 0ms -->
            <step title="Creating app_offline.htm" date="2026-01-07T17:26:54.130" /><!-- duration: 0ms -->
            <step title="KuduSync.NET from: &apos;C:\local\Temp\zipdeploy\extracted&apos; to: &apos;C:\home\site\wwwroot&apos;" date="2026-01-07T17:26:54.130" /><!-- duration: 0ms -->
            <step title="Copying file: &apos;appsettings.json&apos;" date="2026-01-07T17:26:54.145" /><!-- duration: 0ms -->
            <step title="Deleting app_offline.htm" date="2026-01-07T17:26:54.145" /><!-- duration: 0ms -->
            <step title="Finished successfully." date="2026-01-07T17:26:54.161" /><!-- duration: 0ms -->
          </step><!-- duration: 266ms -->
          <step title="Build completed succesfully." date="2026-01-07T17:26:54.177" /><!-- duration: 0ms -->
          <step title="Running post deployment command(s)..." date="2026-01-07T17:26:54.192" /><!-- duration: 0ms -->
          <step title="Requesting site restart" date="2026-01-07T17:26:54.208" /><!-- duration: 16ms -->
          <step title="Requesting site restart" date="2026-01-07T17:26:54.224" /><!-- duration: 0ms -->
          <step title="Requesting site restart. Attempt #1" date="2026-01-07T17:26:54.239" /><!-- duration: 0ms -->
          <step title="Requesting site restart. Attempt #1" date="2026-01-07T17:26:54.239" /><!-- duration: 0ms -->
          <step title="Successfully requested a restart. Attempt #1" date="2026-01-07T17:26:54.583" /><!-- duration: 0ms -->
          <step title="Successfully requested a restart. Attempt #1" date="2026-01-07T17:26:54.583" /><!-- duration: 0ms -->
          <step title="Deployment successful. DEPLOYMENTINFO: deploymentPath = OneDeploy, deployer = OneDeploy, os = windows, sku = Free, siteName = sa-compliance-api-2026, siteHostName = sa-compliance-api-2026.azurewebsites.net, deploymentStatus = Success" date="2026-01-07T17:26:54.599" /><!-- duration: 0ms -->
        </step><!-- duration: 906ms -->
      </step><!-- duration: 1000ms -->
      <step title="Cleaning up temp files" date="2026-01-07T17:26:54.645" /><!-- duration: 0ms -->
      <step title="Skip function trigger and logicapp sync because function is not enabled." date="2026-01-07T17:26:54.645" /><!-- duration: 0ms -->
    </step><!-- duration: 2359ms -->
    <step title="LockFile &apos;C:\home\site\locks\deployments.lock&apos; released" date="2026-01-07T17:26:54.661" /><!-- duration: 0ms -->
    <step title="Deleting shutdown sentinel file" date="2026-01-07T17:26:54.677" SemaphoreCount="8" /><!-- duration: 0ms -->
  </step><!-- duration: 37304ms -->
  <step title="Outgoing response" date="2026-01-07T17:26:54.677" type="response" statusCode="200" statusText="OK" Server="Microsoft-IIS/10.0" x-ms-request-id="f379b5b2-ebed-11f0-9cd3-2016b9389b03" Cache-Control="private" X-AspNet-Version="4.0.30319" /><!-- duration: 0ms -->
</step><!-- duration: 37319ms -->
