<step title="Incoming Request" date="2026-01-07T17:39:37.328" instance="79e06d" url="/api/publish?type=zip" method="POST" type="request" pid="9968,2,7" Cache-Control="no-cache" Connection="Keep-Alive" Content-Length="41995063" Content-Type="application/octet-stream" Accept="*/*" Accept-Encoding="gzip, deflate" Authorization="Bea..." Host="sa-compliance-api-2026.scm.azurewebsites.net" User-Agent="AZURECLI/2.80.0 (MSI)" x-ms-client-request-id="cf8e7ff7-ebef-11f0-8cdc-2016b9389b03" X-ARR-LOG-ID="cf8e7ff7-ebef-11f0-8cdc-2016b9389b03" CLIENT-IP="197.221.102.21:61443" X-SITE-DEPLOYMENT-ID="sa-compliance-api-2026" WAS-DEFAULT-HOSTNAME="sa-compliance-api-2026.scm.azurewebsites.net" X-Forwarded-Proto="https" X-AppService-Proto="https" X-Forwarded-TlsVersion="1.3" X-WAWS-Unencoded-URL="/api/publish?type=zip" X-MS-COLDSTART="1" >
  <step title="OneDeploy" date="2026-01-07T17:39:37.859" >
    <step title="Starting PushDeployAsync" date="2026-01-07T17:39:37.875" /><!-- duration: 0ms -->
    <step title="Updating shutdown sentinel last write time" date="2026-01-07T17:39:37.937" SemaphoreCount="7" /><!-- duration: 0ms -->
    <step title="LockFile &apos;C:\home\site\locks\deployments.lock&apos; acquired" date="2026-01-07T17:39:37.937" /><!-- duration: 0ms -->
    <step title="Saving request content to C:\local\Temp\zipdeploy\jzhwopbj.zip" date="2026-01-07T17:39:37.937" >
      <step title="Total 41,995,063 bytes written to C:\local\Temp\zipdeploy\jzhwopbj.zip" date="2026-01-07T17:40:07.656" /><!-- duration: 16ms -->
    </step><!-- duration: 29735ms -->
    <step title="LockFile &apos;C:\home\site\locks\deployments.lock&apos; released" date="2026-01-07T17:40:07.672" /><!-- duration: 0ms -->
    <step title="Deleting shutdown sentinel file" date="2026-01-07T17:40:07.672" SemaphoreCount="8" /><!-- duration: 0ms -->
    <step title="Starting FetchDeploy" date="2026-01-07T17:40:07.688" /><!-- duration: 0ms -->
    <step title="Attempting to fetch target branch HEAD" date="2026-01-07T17:40:07.688" /><!-- duration: 0ms -->
    <step title="Updating shutdown sentinel last write time" date="2026-01-07T17:40:07.688" SemaphoreCount="7" /><!-- duration: 0ms -->
    <step title="LockFile &apos;C:\home\site\locks\deployments.lock&apos; acquired" date="2026-01-07T17:40:07.688" /><!-- duration: 16ms -->
    <step title="Performing fetch based deployment" date="2026-01-07T17:40:07.703" >
      <step title="Creating temporary deployment" date="2026-01-07T17:40:07.703" /><!-- duration: 31ms -->
      <step title="Fetching changes." date="2026-01-07T17:40:07.766" /><!-- duration: 16ms -->
      <step title="Starting LocalZipHandler" date="2026-01-07T17:40:07.781" /><!-- duration: 0ms -->
      <step title="Starting LocalZipFetch" date="2026-01-07T17:40:07.781" /><!-- duration: 0ms -->
      <step title="Cleaning up temp folders from previous zip deployments and extracting pushed zip file C:\local\Temp\zipdeploy\jzhwopbj.zip (40.05 MB) to C:\local\Temp\zipdeploy\extracted" date="2026-01-07T17:40:07.797" /><!-- duration: 0ms -->
      <step title="Cleaning up temp folders from previous zip deployments and extracting pushed zip file C:\local\Temp\zipdeploy\jzhwopbj.zip (40.05 MB) to C:\local\Temp\zipdeploy\extracted" date="2026-01-07T17:40:07.797" >
        <step title="Extracting 126 entries to C:\local\Temp\zipdeploy\extracted directory" date="2026-01-07T17:40:07.813" >
          <step title="Extracting to C:\local\Temp\zipdeploy\extracted\LatoFont\Lato-Black.ttf ..." date="2026-01-07T17:40:07.813" /><!-- duration: 16ms -->
          <step title="Extracting to C:\local\Temp\zipdeploy\extracted\LatoFont\Lato-BlackItalic.ttf ..." date="2026-01-07T17:40:07.828" /><!-- duration: 16ms -->
          <step title="Extracting to C:\local\Temp\zipdeploy\extracted\LatoFont\Lato-Bold.ttf ..." date="2026-01-07T17:40:07.844" /><!-- duration: 16ms -->
          <step title="Extracting to C:\local\Temp\zipdeploy\extracted\LatoFont\Lato-BoldItalic.ttf ..." date="2026-01-07T17:40:07.860" /><!-- duration: 16ms -->
          <step title="Extracting to C:\local\Temp\zipdeploy\extracted\LatoFont\Lato-ExtraBold.ttf ..." date="2026-01-07T17:40:07.875" /><!-- duration: 0ms -->
          <step title="Omitting extracting file traces ..." date="2026-01-07T17:40:07.891" /><!-- duration: 0ms -->
        </step><!-- duration: 1281ms -->
      </step><!-- duration: 1297ms -->
      <step title="None repository commit" date="2026-01-07T17:40:09.094" >
        <step title="Commit id: fb52ca80706645499e1b2553d94ca494" date="2026-01-07T17:40:09.110" Message="OneDeploy" AuthorName="N/A" AuthorEmail="N/A" /><!-- duration: 0ms -->
      </step><!-- duration: 16ms -->
      <step title="Before sending BuildRequestReceived status to /api/updatedeploystatus" date="2026-01-07T17:40:09.110" /><!-- duration: 0ms -->
      <step title="DeploymentManager.Deploy(id:fb52ca80706645499e1b2553d94ca494)" date="2026-01-07T17:40:09.110" >
        <step title="Collecting changeset information" date="2026-01-07T17:40:09.125" /><!-- duration: 0ms -->
        <step title="Updating submodules" date="2026-01-07T17:40:09.141" >
          <step title="Updating submodules." date="2026-01-07T17:40:09.141" /><!-- duration: 16ms -->
        </step><!-- duration: 16ms -->
        <step title="Preparing deployment for commit id &apos;fb52ca8070&apos;." date="2026-01-07T17:40:09.172" /><!-- duration: 0ms -->
        <step title="Determining deployment builder" date="2026-01-07T17:40:09.188" >
          <step title="Builder is OneDeployBuilder" date="2026-01-07T17:40:09.188" /><!-- duration: 0ms -->
        </step><!-- duration: 16ms -->
        <step title="Copying SSH keys" date="2026-01-07T17:40:09.203" /><!-- duration: 0ms -->
        <step title="Building" date="2026-01-07T17:40:09.203" >
          <step title="Running build. Project type: OneDeploy" date="2026-01-07T17:40:09.219" /><!-- duration: 0ms -->
          <step title="Copying the manifest" date="2026-01-07T17:40:09.235" /><!-- duration: 16ms -->
          <step title="Clean deploying to C:\home\site\wwwroot" date="2026-01-07T17:40:09.266" /><!-- duration: 0ms -->
          <step title="Generating deployment script." date="2026-01-07T17:40:09.281" /><!-- duration: 0ms -->
          <step title="Generating deployment script" date="2026-01-07T17:40:09.281" >
            <step title="Using cached version of the deployment script for command: -y --no-dot-deployment -r &quot;C:\local\Temp\zipdeploy\extracted&quot; -o &quot;C:\home\site\deployments\tools&quot; --basic --sitePath &quot;C:\local\Temp\zipdeploy\extracted&quot;" date="2026-01-07T17:40:09.328" /><!-- duration: 16ms -->
            <step title="Using cached version of deployment script (command: &apos;azure -y --no-dot-deployment -r &quot;C:\local\Temp\zipdeploy\extracted&quot; -o &quot;C:\home\site\deployments\tools&quot; --basic --sitePath &quot;C:\local\Temp\zipdeploy\extracted&quot;&apos;)." date="2026-01-07T17:40:09.360" /><!-- duration: 0ms -->
          </step><!-- duration: 94ms -->
          <step title="Running deployment command..." date="2026-01-07T17:40:09.391" /><!-- duration: 0ms -->
          <step title="Command: &quot;C:\home\site\deployments\tools\deploy.cmd&quot;" date="2026-01-07T17:40:09.391" /><!-- duration: 0ms -->
          <step title="Executing external process" date="2026-01-07T17:40:09.406" type="process" path="starter.cmd" arguments="&quot;C:\home\site\deployments\tools\deploy.cmd&quot;" >
            <step title="Handling Basic Web Site deployment." date="2026-01-07T17:40:09.516" /><!-- duration: 0ms -->
            <step title="Creating app_offline.htm" date="2026-01-07T17:40:09.641" /><!-- duration: 16ms -->
            <step title="KuduSync.NET from: &apos;C:\local\Temp\zipdeploy\extracted&apos; to: &apos;C:\home\site\wwwroot&apos;" date="2026-01-07T17:40:09.657" /><!-- duration: 0ms -->
            <step title="Copying file: &apos;appsettings.json&apos;" date="2026-01-07T17:40:09.657" /><!-- duration: 0ms -->
            <step title="Copying file: &apos;publish\appsettings.Development.json&apos;" date="2026-01-07T17:40:09.672" /><!-- duration: 0ms -->
            <step title="Copying file: &apos;publish\appsettings.json&apos;" date="2026-01-07T17:40:09.672" /><!-- duration: 0ms -->
            <step title="Copying file: &apos;publish\SaCompliance.Api.deps.json&apos;" date="2026-01-07T17:40:09.672" /><!-- duration: 0ms -->
            <step title="Copying file: &apos;publish\SaCompliance.Api.runtimeconfig.json&apos;" date="2026-01-07T17:40:09.688" /><!-- duration: 0ms -->
            <step title="Copying file: &apos;publish\web.config&apos;" date="2026-01-07T17:40:09.688" /><!-- duration: 0ms -->
            <step title="Deleting app_offline.htm" date="2026-01-07T17:40:09.688" /><!-- duration: 16ms -->
            <step title="Finished successfully." date="2026-01-07T17:40:09.703" /><!-- duration: 0ms -->
          </step><!-- duration: 297ms -->
          <step title="Build completed succesfully." date="2026-01-07T17:40:09.719" /><!-- duration: 0ms -->
          <step title="Running post deployment command(s)..." date="2026-01-07T17:40:09.735" /><!-- duration: 0ms -->
          <step title="Requesting site restart" date="2026-01-07T17:40:09.766" /><!-- duration: 0ms -->
          <step title="Requesting site restart" date="2026-01-07T17:40:09.766" /><!-- duration: 16ms -->
          <step title="Requesting site restart. Attempt #1" date="2026-01-07T17:40:09.797" /><!-- duration: 0ms -->
          <step title="Requesting site restart. Attempt #1" date="2026-01-07T17:40:09.797" /><!-- duration: 0ms -->
          <step title="Successfully requested a restart. Attempt #1" date="2026-01-07T17:40:10.141" /><!-- duration: 0ms -->
          <step title="Successfully requested a restart. Attempt #1" date="2026-01-07T17:40:10.141" /><!-- duration: 0ms -->
          <step title="Deployment successful. DEPLOYMENTINFO: deploymentPath = OneDeploy, deployer = OneDeploy, os = windows, sku = Free, siteName = sa-compliance-api-2026, siteHostName = sa-compliance-api-2026.azurewebsites.net, deploymentStatus = Success" date="2026-01-07T17:40:10.157" /><!-- duration: 0ms -->
        </step><!-- duration: 1031ms -->
      </step><!-- duration: 1125ms -->
      <step title="Cleaning up temp files" date="2026-01-07T17:40:10.235" /><!-- duration: 0ms -->
      <step title="Skip function trigger and logicapp sync because function is not enabled." date="2026-01-07T17:40:10.235" /><!-- duration: 0ms -->
    </step><!-- duration: 2547ms -->
    <step title="LockFile &apos;C:\home\site\locks\deployments.lock&apos; released" date="2026-01-07T17:40:10.266" /><!-- duration: 0ms -->
    <step title="Deleting shutdown sentinel file" date="2026-01-07T17:40:10.266" SemaphoreCount="8" /><!-- duration: 0ms -->
  </step><!-- duration: 32407ms -->
  <step title="Outgoing response" date="2026-01-07T17:40:10.297" type="response" statusCode="200" statusText="OK" Server="Microsoft-IIS/10.0" x-ms-request-id="cf8e7ff7-ebef-11f0-8cdc-2016b9389b03" Cache-Control="private" X-AspNet-Version="4.0.30319" /><!-- duration: 0ms -->
</step><!-- duration: 32969ms -->
