<step title="Incoming Request" date="2026-01-07T17:47:42.312" instance="79e06d" url="/api/publish?type=zip" method="POST" type="request" pid="10144,2,14" Cache-Control="no-cache" Content-Length="41995063" Content-Type="application/octet-stream" Accept="*/*" Accept-Encoding="gzip, deflate" Authorization="Bea..." Host="sa-compliance-api-2026.scm.azurewebsites.net" User-Agent="AZURECLI/2.80.0 (MSI)" x-ms-client-request-id="f3448ba5-ebf0-11f0-a5b6-2016b9389b03" X-ARR-LOG-ID="f3448ba5-ebf0-11f0-a5b6-2016b9389b03" CLIENT-IP="197.221.102.21:55014" X-SITE-DEPLOYMENT-ID="sa-compliance-api-2026" WAS-DEFAULT-HOSTNAME="sa-compliance-api-2026.scm.azurewebsites.net" X-Forwarded-Proto="https" X-AppService-Proto="https" X-Forwarded-TlsVersion="1.3" X-WAWS-Unencoded-URL="/api/publish?type=zip" >
  <step title="Cleanup Xml Logs" date="2026-01-07T17:47:42.312" /><!-- duration: 0ms -->
  <step title="OneDeploy" date="2026-01-07T17:47:42.312" >
    <step title="Starting PushDeployAsync" date="2026-01-07T17:47:42.312" /><!-- duration: 16ms -->
    <step title="Updating shutdown sentinel last write time" date="2026-01-07T17:47:42.328" SemaphoreCount="7" /><!-- duration: 0ms -->
    <step title="LockFile &apos;C:\home\site\locks\deployments.lock&apos; acquired" date="2026-01-07T17:47:42.328" /><!-- duration: 16ms -->
    <step title="Saving request content to C:\local\Temp\zipdeploy\pmjsojjx.zip" date="2026-01-07T17:47:42.344" >
      <step title="Writing 34,942,976 bytes to C:\local\Temp\zipdeploy\pmjsojjx.zip" date="2026-01-07T17:48:12.350" /><!-- duration: 0ms -->
      <step title="Total 41,995,063 bytes written to C:\local\Temp\zipdeploy\pmjsojjx.zip" date="2026-01-07T17:48:18.304" /><!-- duration: 0ms -->
    </step><!-- duration: 35960ms -->
    <step title="LockFile &apos;C:\home\site\locks\deployments.lock&apos; released" date="2026-01-07T17:48:18.304" /><!-- duration: 0ms -->
    <step title="Deleting shutdown sentinel file" date="2026-01-07T17:48:18.304" SemaphoreCount="8" /><!-- duration: 0ms -->
    <step title="Starting FetchDeploy" date="2026-01-07T17:48:18.304" /><!-- duration: 0ms -->
    <step title="Attempting to fetch target branch HEAD" date="2026-01-07T17:48:18.319" /><!-- duration: 0ms -->
    <step title="Updating shutdown sentinel last write time" date="2026-01-07T17:48:18.319" SemaphoreCount="7" /><!-- duration: 0ms -->
    <step title="LockFile &apos;C:\home\site\locks\deployments.lock&apos; acquired" date="2026-01-07T17:48:18.319" /><!-- duration: 0ms -->
    <step title="Performing fetch based deployment" date="2026-01-07T17:48:18.319" >
      <step title="Creating temporary deployment" date="2026-01-07T17:48:18.335" /><!-- duration: 0ms -->
      <step title="Fetching changes." date="2026-01-07T17:48:18.366" /><!-- duration: 0ms -->
      <step title="Starting LocalZipHandler" date="2026-01-07T17:48:18.366" /><!-- duration: 0ms -->
      <step title="Starting LocalZipFetch" date="2026-01-07T17:48:18.366" /><!-- duration: 0ms -->
      <step title="Cleaning up temp folders from previous zip deployments and extracting pushed zip file C:\local\Temp\zipdeploy\pmjsojjx.zip (40.05 MB) to C:\local\Temp\zipdeploy\extracted" date="2026-01-07T17:48:18.366" /><!-- duration: 16ms -->
      <step title="Cleaning up temp folders from previous zip deployments and extracting pushed zip file C:\local\Temp\zipdeploy\pmjsojjx.zip (40.05 MB) to C:\local\Temp\zipdeploy\extracted" date="2026-01-07T17:48:18.382" >
        <step title="Renaming extractTargetDirectory(C:\local\Temp\zipdeploy\extracted) to tempDirectory(C:\local\Temp\zipdeploy\lesfwydi.0jr)" date="2026-01-07T17:48:18.382" /><!-- duration: 0ms -->
        <step title="Extracting 126 entries to C:\local\Temp\zipdeploy\extracted directory" date="2026-01-07T17:48:18.382" >
          <step title="Extracting to C:\local\Temp\zipdeploy\extracted\LatoFont\Lato-Black.ttf ..." date="2026-01-07T17:48:18.382" /><!-- duration: 16ms -->
          <step title="Extracting to C:\local\Temp\zipdeploy\extracted\LatoFont\Lato-BlackItalic.ttf ..." date="2026-01-07T17:48:18.397" /><!-- duration: 16ms -->
          <step title="Extracting to C:\local\Temp\zipdeploy\extracted\LatoFont\Lato-Bold.ttf ..." date="2026-01-07T17:48:18.413" /><!-- duration: 16ms -->
          <step title="Extracting to C:\local\Temp\zipdeploy\extracted\LatoFont\Lato-BoldItalic.ttf ..." date="2026-01-07T17:48:18.429" /><!-- duration: 16ms -->
          <step title="Extracting to C:\local\Temp\zipdeploy\extracted\LatoFont\Lato-ExtraBold.ttf ..." date="2026-01-07T17:48:18.444" /><!-- duration: 0ms -->
          <step title="Omitting extracting file traces ..." date="2026-01-07T17:48:18.444" /><!-- duration: 16ms -->
        </step><!-- duration: 1281ms -->
      </step><!-- duration: 1281ms -->
      <step title="None repository commit" date="2026-01-07T17:48:19.663" >
        <step title="Commit id: 09eb048dd3ae43d38cb5aa46a5173d28" date="2026-01-07T17:48:19.663" Message="OneDeploy" AuthorName="N/A" AuthorEmail="N/A" /><!-- duration: 0ms -->
      </step><!-- duration: 0ms -->
      <step title="Before sending BuildRequestReceived status to /api/updatedeploystatus" date="2026-01-07T17:48:19.663" /><!-- duration: 0ms -->
      <step title="DeploymentManager.Deploy(id:09eb048dd3ae43d38cb5aa46a5173d28)" date="2026-01-07T17:48:19.663" >
        <step title="Collecting changeset information" date="2026-01-07T17:48:19.679" /><!-- duration: 16ms -->
        <step title="Updating submodules" date="2026-01-07T17:48:19.694" >
          <step title="Updating submodules." date="2026-01-07T17:48:19.710" /><!-- duration: 0ms -->
        </step><!-- duration: 16ms -->
        <step title="Preparing deployment for commit id &apos;09eb048dd3&apos;." date="2026-01-07T17:48:19.726" /><!-- duration: 0ms -->
        <step title="Determining deployment builder" date="2026-01-07T17:48:19.741" >
          <step title="Builder is OneDeployBuilder" date="2026-01-07T17:48:19.741" /><!-- duration: 0ms -->
        </step><!-- duration: 0ms -->
        <step title="Copying SSH keys" date="2026-01-07T17:48:19.757" /><!-- duration: 0ms -->
        <step title="Building" date="2026-01-07T17:48:19.757" >
          <step title="Running build. Project type: OneDeploy" date="2026-01-07T17:48:19.772" /><!-- duration: 0ms -->
          <step title="Copying the manifest" date="2026-01-07T17:48:19.788" /><!-- duration: 0ms -->
          <step title="Clean deploying to C:\home\site\wwwroot" date="2026-01-07T17:48:19.819" /><!-- duration: 0ms -->
          <step title="Generating deployment script." date="2026-01-07T17:48:19.835" /><!-- duration: 0ms -->
          <step title="Generating deployment script" date="2026-01-07T17:48:19.835" >
            <step title="Using cached version of the deployment script for command: -y --no-dot-deployment -r &quot;C:\local\Temp\zipdeploy\extracted&quot; -o &quot;C:\home\site\deployments\tools&quot; --basic --sitePath &quot;C:\local\Temp\zipdeploy\extracted&quot;" date="2026-01-07T17:48:19.851" /><!-- duration: 0ms -->
            <step title="Using cached version of deployment script (command: &apos;azure -y --no-dot-deployment -r &quot;C:\local\Temp\zipdeploy\extracted&quot; -o &quot;C:\home\site\deployments\tools&quot; --basic --sitePath &quot;C:\local\Temp\zipdeploy\extracted&quot;&apos;)." date="2026-01-07T17:48:19.851" /><!-- duration: 16ms -->
          </step><!-- duration: 31ms -->
          <step title="Running deployment command..." date="2026-01-07T17:48:19.882" /><!-- duration: 0ms -->
          <step title="Command: &quot;C:\home\site\deployments\tools\deploy.cmd&quot;" date="2026-01-07T17:48:19.897" /><!-- duration: 0ms -->
          <step title="Executing external process" date="2026-01-07T17:48:19.897" type="process" path="starter.cmd" arguments="&quot;C:\home\site\deployments\tools\deploy.cmd&quot;" >
            <step title="Handling Basic Web Site deployment." date="2026-01-07T17:48:20.007" /><!-- duration: 0ms -->
            <step title="Creating app_offline.htm" date="2026-01-07T17:48:20.101" /><!-- duration: 0ms -->
            <step title="KuduSync.NET from: &apos;C:\local\Temp\zipdeploy\extracted&apos; to: &apos;C:\home\site\wwwroot&apos;" date="2026-01-07T17:48:20.116" /><!-- duration: 0ms -->
            <step title="Deleting file: &apos;CodeCoverage\CodeCoverage.config&apos;" date="2026-01-07T17:48:20.116" /><!-- duration: 0ms -->
            <step title="Deleting file: &apos;CodeCoverage\CodeCoverage.exe&apos;" date="2026-01-07T17:48:20.132" /><!-- duration: 0ms -->
            <step title="Deleting file: &apos;CodeCoverage\codecoveragemessages.dll&apos;" date="2026-01-07T17:48:20.132" /><!-- duration: 0ms -->
            <step title="Deleting file: &apos;CodeCoverage\covrun32.dll&apos;" date="2026-01-07T17:48:20.132" /><!-- duration: 0ms -->
            <step title="Deleting file: &apos;CodeCoverage\msdia140.dll&apos;" date="2026-01-07T17:48:20.147" /><!-- duration: 0ms -->
            <step title="Deleting file: &apos;CodeCoverage\VanguardInstrumentationProfiler_x86.config&apos;" date="2026-01-07T17:48:20.147" /><!-- duration: 0ms -->
            <step title="Deleting file: &apos;CodeCoverage\amd64\CodeCoverage.exe&apos;" date="2026-01-07T17:48:20.147" /><!-- duration: 16ms -->
            <step title="Deleting file: &apos;CodeCoverage\amd64\covrun64.dll&apos;" date="2026-01-07T17:48:20.163" /><!-- duration: 0ms -->
            <step title="Deleting file: &apos;CodeCoverage\amd64\msdia140.dll&apos;" date="2026-01-07T17:48:20.163" /><!-- duration: 0ms -->
            <step title="Deleting file: &apos;CodeCoverage\amd64\VanguardInstrumentationProfiler_x64.config&apos;" date="2026-01-07T17:48:20.179" /><!-- duration: 0ms -->
            <step title="Deleting directory: &apos;CodeCoverage\amd64&apos;" date="2026-01-07T17:48:20.179" /><!-- duration: 0ms -->
            <step title="Deleting file: &apos;CodeCoverage\arm64\covrunarm64.dll&apos;" date="2026-01-07T17:48:20.179" /><!-- duration: 16ms -->
            <step title="Deleting file: &apos;CodeCoverage\arm64\msdia140.dll&apos;" date="2026-01-07T17:48:20.194" /><!-- duration: 0ms -->
            <step title="Deleting file: &apos;CodeCoverage\arm64\VanguardInstrumentationProfiler_arm64.config&apos;" date="2026-01-07T17:48:20.194" /><!-- duration: 0ms -->
            <step title="Deleting directory: &apos;CodeCoverage\arm64&apos;" date="2026-01-07T17:48:20.241" /><!-- duration: 0ms -->
            <step title="Deleting file: &apos;CodeCoverage\coreclr\Microsoft.VisualStudio.CodeCoverage.Shim.dll&apos;" date="2026-01-07T17:48:20.257" /><!-- duration: 0ms -->
            <step title="Deleting directory: &apos;CodeCoverage\coreclr&apos;" date="2026-01-07T17:48:20.257" /><!-- duration: 0ms -->
            <step title="Deleting directory: &apos;CodeCoverage&apos;" date="2026-01-07T17:48:20.257" /><!-- duration: 16ms -->
            <step title="Deleting file: &apos;cs\Microsoft.TestPlatform.CommunicationUtilities.resources.dll&apos;" date="2026-01-07T17:48:20.272" /><!-- duration: 0ms -->
            <step title="Deleting file: &apos;cs\Microsoft.TestPlatform.CoreUtilities.resources.dll&apos;" date="2026-01-07T17:48:20.272" /><!-- duration: 0ms -->
            <step title="Deleting file: &apos;cs\Microsoft.TestPlatform.CrossPlatEngine.resources.dll&apos;" date="2026-01-07T17:48:20.288" /><!-- duration: 0ms -->
            <step title="Deleting file: &apos;cs\Microsoft.VisualStudio.TestPlatform.Common.resources.dll&apos;" date="2026-01-07T17:48:20.288" /><!-- duration: 0ms -->
            <step title="Deleting file: &apos;cs\Microsoft.VisualStudio.TestPlatform.ObjectModel.resources.dll&apos;" date="2026-01-07T17:48:20.288" /><!-- duration: 0ms -->
            <step title="Deleting file: &apos;cs\Microsoft.VisualStudio.TraceDataCollector.resources.dll&apos;" date="2026-01-07T17:48:20.304" /><!-- duration: 0ms -->
            <step title="Deleting directory: &apos;cs&apos;" date="2026-01-07T17:48:20.304" /><!-- duration: 0ms -->
            <step title="Deleting file: &apos;de\Microsoft.TestPlatform.CommunicationUtilities.resources.dll&apos;" date="2026-01-07T17:48:20.319" /><!-- duration: 0ms -->
            <step title="Deleting file: &apos;de\Microsoft.TestPlatform.CoreUtilities.resources.dll&apos;" date="2026-01-07T17:48:20.319" /><!-- duration: 0ms -->
            <step title="Deleting file: &apos;de\Microsoft.TestPlatform.CrossPlatEngine.resources.dll&apos;" date="2026-01-07T17:48:20.319" /><!-- duration: 0ms -->
            <step title="Deleting file: &apos;de\Microsoft.VisualStudio.TestPlatform.Common.resources.dll&apos;" date="2026-01-07T17:48:20.335" /><!-- duration: 0ms -->
            <step title="Deleting file: &apos;de\Microsoft.VisualStudio.TestPlatform.ObjectModel.resources.dll&apos;" date="2026-01-07T17:48:20.335" /><!-- duration: 0ms -->
            <step title="Deleting file: &apos;de\Microsoft.VisualStudio.TraceDataCollector.resources.dll&apos;" date="2026-01-07T17:48:20.351" /><!-- duration: 0ms -->
            <step title="Deleting directory: &apos;de&apos;" date="2026-01-07T17:48:20.351" /><!-- duration: 0ms -->
            <step title="Deleting file: &apos;es\Microsoft.TestPlatform.CommunicationUtilities.resources.dll&apos;" date="2026-01-07T17:48:20.366" /><!-- duration: 0ms -->
            <step title="Deleting file: &apos;es\Microsoft.TestPlatform.CoreUtilities.resources.dll&apos;" date="2026-01-07T17:48:20.366" /><!-- duration: 0ms -->
            <step title="Deleting file: &apos;es\Microsoft.TestPlatform.CrossPlatEngine.resources.dll&apos;" date="2026-01-07T17:48:20.366" /><!-- duration: 16ms -->
            <step title="Deleting file: &apos;es\Microsoft.VisualStudio.TestPlatform.Common.resources.dll&apos;" date="2026-01-07T17:48:20.382" /><!-- duration: 0ms -->
            <step title="Deleting file: &apos;es\Microsoft.VisualStudio.TestPlatform.ObjectModel.resources.dll&apos;" date="2026-01-07T17:48:20.382" /><!-- duration: 0ms -->
            <step title="Deleting file: &apos;es\Microsoft.VisualStudio.TraceDataCollector.resources.dll&apos;" date="2026-01-07T17:48:20.397" /><!-- duration: 0ms -->
            <step title="Deleting directory: &apos;es&apos;" date="2026-01-07T17:48:20.397" /><!-- duration: 0ms -->
            <step title="Deleting file: &apos;fr\Microsoft.TestPlatform.CommunicationUtilities.resources.dll&apos;" date="2026-01-07T17:48:20.397" /><!-- duration: 16ms -->
            <step title="Deleting file: &apos;fr\Microsoft.TestPlatform.CoreUtilities.resources.dll&apos;" date="2026-01-07T17:48:20.413" /><!-- duration: 0ms -->
            <step title="Deleting file: &apos;fr\Microsoft.TestPlatform.CrossPlatEngine.resources.dll&apos;" date="2026-01-07T17:48:20.413" /><!-- duration: 0ms -->
            <step title="Deleting file: &apos;fr\Microsoft.VisualStudio.TestPlatform.Common.resources.dll&apos;" date="2026-01-07T17:48:20.429" /><!-- duration: 0ms -->
            <step title="Deleting file: &apos;fr\Microsoft.VisualStudio.TestPlatform.ObjectModel.resources.dll&apos;" date="2026-01-07T17:48:20.429" /><!-- duration: 0ms -->
            <step title="Deleting file: &apos;fr\Microsoft.VisualStudio.TraceDataCollector.resources.dll&apos;" date="2026-01-07T17:48:20.429" /><!-- duration: 16ms -->
            <step title="Deleting directory: &apos;fr&apos;" date="2026-01-07T17:48:20.444" /><!-- duration: 0ms -->
            <step title="Deleting file: &apos;InstrumentationEngine\alpine\x64\libCoverageInstrumentationMethod.so&apos;" date="2026-01-07T17:48:20.444" /><!-- duration: 16ms -->
            <step title="Deleting file: &apos;InstrumentationEngine\alpine\x64\libInstrumentationEngine.so&apos;" date="2026-01-07T17:48:20.460" /><!-- duration: 0ms -->
            <step title="Omitting next output lines..." date="2026-01-07T17:48:20.460" /><!-- duration: 0ms -->
            <step title="Finished successfully." date="2026-01-07T17:48:20.476" /><!-- duration: 0ms -->
          </step><!-- duration: 578ms -->
          <step title="Build completed succesfully." date="2026-01-07T17:48:20.491" /><!-- duration: 0ms -->
          <step title="Running post deployment command(s)..." date="2026-01-07T17:48:20.507" /><!-- duration: 16ms -->
          <step title="Requesting site restart" date="2026-01-07T17:48:20.538" /><!-- duration: 0ms -->
          <step title="Requesting site restart" date="2026-01-07T17:48:20.538" /><!-- duration: 0ms -->
          <step title="Requesting site restart. Attempt #1" date="2026-01-07T17:48:20.554" /><!-- duration: 0ms -->
          <step title="Requesting site restart. Attempt #1" date="2026-01-07T17:48:20.554" /><!-- duration: 0ms -->
          <step title="Successfully requested a restart. Attempt #1" date="2026-01-07T17:48:20.694" /><!-- duration: 0ms -->
          <step title="Successfully requested a restart. Attempt #1" date="2026-01-07T17:48:20.694" /><!-- duration: 0ms -->
          <step title="Deployment successful. DEPLOYMENTINFO: deploymentPath = OneDeploy, deployer = OneDeploy, os = windows, sku = Free, siteName = sa-compliance-api-2026, siteHostName = sa-compliance-api-2026.azurewebsites.net, deploymentStatus = Success" date="2026-01-07T17:48:20.710" /><!-- duration: 16ms -->
        </step><!-- duration: 1000ms -->
      </step><!-- duration: 1094ms -->
      <step title="Cleaning up temp files" date="2026-01-07T17:48:20.757" /><!-- duration: 0ms -->
      <step title="Skip function trigger and logicapp sync because function is not enabled." date="2026-01-07T17:48:20.772" /><!-- duration: 0ms -->
    </step><!-- duration: 2469ms -->
    <step title="LockFile &apos;C:\home\site\locks\deployments.lock&apos; released" date="2026-01-07T17:48:20.788" /><!-- duration: 0ms -->
    <step title="Deleting shutdown sentinel file" date="2026-01-07T17:48:20.788" SemaphoreCount="8" /><!-- duration: 0ms -->
  </step><!-- duration: 38476ms -->
  <step title="Outgoing response" date="2026-01-07T17:48:20.788" type="response" statusCode="200" statusText="OK" Server="Microsoft-IIS/10.0" x-ms-request-id="f3448ba5-ebf0-11f0-a5b6-2016b9389b03" Cache-Control="private" X-AspNet-Version="4.0.30319" /><!-- duration: 16ms -->
</step><!-- duration: 38491ms -->
