<step title="Incoming Request" date="2026-01-07T18:01:11.513" instance="79e06d" url="/api/publish?type=zip" method="POST" type="request" pid="3144,2,10" Cache-Control="no-cache" Content-Length="42006995" Content-Type="application/octet-stream" Accept="*/*" Accept-Encoding="gzip, deflate" Authorization="Bea..." Host="sa-compliance-api-2026.scm.azurewebsites.net" User-Agent="AZURECLI/2.80.0 (MSI)" x-ms-client-request-id="d42c2877-ebf2-11f0-8dcd-2016b9389b03" X-ARR-LOG-ID="d42c2877-ebf2-11f0-8dcd-2016b9389b03" CLIENT-IP="197.221.102.21:53463" X-SITE-DEPLOYMENT-ID="sa-compliance-api-2026" WAS-DEFAULT-HOSTNAME="sa-compliance-api-2026.scm.azurewebsites.net" X-Forwarded-Proto="https" X-AppService-Proto="https" X-Forwarded-TlsVersion="1.3" X-WAWS-Unencoded-URL="/api/publish?type=zip" >
  <step title="Cleanup Xml Logs" date="2026-01-07T18:01:11.513" /><!-- duration: 16ms -->
  <step title="OneDeploy" date="2026-01-07T18:01:11.560" >
    <step title="Starting PushDeployAsync" date="2026-01-07T18:01:11.576" /><!-- duration: 0ms -->
    <step title="Updating shutdown sentinel last write time" date="2026-01-07T18:01:11.607" SemaphoreCount="7" /><!-- duration: 0ms -->
    <step title="LockFile &apos;C:\home\site\locks\deployments.lock&apos; acquired" date="2026-01-07T18:01:11.623" /><!-- duration: 0ms -->
    <step title="Saving request content to C:\local\Temp\zipdeploy\530vrpzh.zip" date="2026-01-07T18:01:11.623" >
      <step title="Writing 36,319,232 bytes to C:\local\Temp\zipdeploy\530vrpzh.zip" date="2026-01-07T18:01:41.624" /><!-- duration: 0ms -->
      <step title="Total 42,006,995 bytes written to C:\local\Temp\zipdeploy\530vrpzh.zip" date="2026-01-07T18:01:46.437" /><!-- duration: 0ms -->
    </step><!-- duration: 34814ms -->
    <step title="LockFile &apos;C:\home\site\locks\deployments.lock&apos; released" date="2026-01-07T18:01:46.437" /><!-- duration: 0ms -->
    <step title="Deleting shutdown sentinel file" date="2026-01-07T18:01:46.452" SemaphoreCount="8" /><!-- duration: 0ms -->
    <step title="Starting FetchDeploy" date="2026-01-07T18:01:46.452" /><!-- duration: 0ms -->
    <step title="Attempting to fetch target branch HEAD" date="2026-01-07T18:01:46.452" /><!-- duration: 0ms -->
    <step title="Updating shutdown sentinel last write time" date="2026-01-07T18:01:46.468" SemaphoreCount="7" /><!-- duration: 0ms -->
    <step title="LockFile &apos;C:\home\site\locks\deployments.lock&apos; acquired" date="2026-01-07T18:01:46.468" /><!-- duration: 0ms -->
    <step title="Performing fetch based deployment" date="2026-01-07T18:01:46.484" >
      <step title="Creating temporary deployment" date="2026-01-07T18:01:46.484" /><!-- duration: 31ms -->
      <step title="Fetching changes." date="2026-01-07T18:01:46.546" /><!-- duration: 0ms -->
      <step title="Starting LocalZipHandler" date="2026-01-07T18:01:46.546" /><!-- duration: 0ms -->
      <step title="Starting LocalZipFetch" date="2026-01-07T18:01:46.546" /><!-- duration: 16ms -->
      <step title="Cleaning up temp folders from previous zip deployments and extracting pushed zip file C:\local\Temp\zipdeploy\530vrpzh.zip (40.06 MB) to C:\local\Temp\zipdeploy\extracted" date="2026-01-07T18:01:46.562" /><!-- duration: 0ms -->
      <step title="Cleaning up temp folders from previous zip deployments and extracting pushed zip file C:\local\Temp\zipdeploy\530vrpzh.zip (40.06 MB) to C:\local\Temp\zipdeploy\extracted" date="2026-01-07T18:01:46.562" >
        <step title="Extracting 131 entries to C:\local\Temp\zipdeploy\extracted directory" date="2026-01-07T18:01:46.577" >
          <step title="Extracting to C:\local\Temp\zipdeploy\extracted\LatoFont\Lato-Black.ttf ..." date="2026-01-07T18:01:46.577" /><!-- duration: 16ms -->
          <step title="Extracting to C:\local\Temp\zipdeploy\extracted\LatoFont\Lato-BlackItalic.ttf ..." date="2026-01-07T18:01:46.593" /><!-- duration: 16ms -->
          <step title="Extracting to C:\local\Temp\zipdeploy\extracted\LatoFont\Lato-Bold.ttf ..." date="2026-01-07T18:01:46.609" /><!-- duration: 16ms -->
          <step title="Extracting to C:\local\Temp\zipdeploy\extracted\LatoFont\Lato-BoldItalic.ttf ..." date="2026-01-07T18:01:46.624" /><!-- duration: 16ms -->
          <step title="Extracting to C:\local\Temp\zipdeploy\extracted\LatoFont\Lato-ExtraBold.ttf ..." date="2026-01-07T18:01:46.640" /><!-- duration: 16ms -->
          <step title="Omitting extracting file traces ..." date="2026-01-07T18:01:46.655" /><!-- duration: 16ms -->
        </step><!-- duration: 1297ms -->
      </step><!-- duration: 1313ms -->
      <step title="None repository commit" date="2026-01-07T18:01:47.890" >
        <step title="Commit id: 99c104d9d0324feab8b4dc53417f5f31" date="2026-01-07T18:01:47.890" Message="OneDeploy" AuthorName="N/A" AuthorEmail="N/A" /><!-- duration: 0ms -->
      </step><!-- duration: 0ms -->
      <step title="Before sending BuildRequestReceived status to /api/updatedeploystatus" date="2026-01-07T18:01:47.890" /><!-- duration: 0ms -->
      <step title="DeploymentManager.Deploy(id:99c104d9d0324feab8b4dc53417f5f31)" date="2026-01-07T18:01:47.890" >
        <step title="Collecting changeset information" date="2026-01-07T18:01:47.905" /><!-- duration: 16ms -->
        <step title="Updating submodules" date="2026-01-07T18:01:47.921" >
          <step title="Updating submodules." date="2026-01-07T18:01:47.937" /><!-- duration: 0ms -->
        </step><!-- duration: 16ms -->
        <step title="Preparing deployment for commit id &apos;99c104d9d0&apos;." date="2026-01-07T18:01:47.952" /><!-- duration: 0ms -->
        <step title="Determining deployment builder" date="2026-01-07T18:01:47.968" >
          <step title="Builder is OneDeployBuilder" date="2026-01-07T18:01:47.984" /><!-- duration: 0ms -->
        </step><!-- duration: 16ms -->
        <step title="Copying SSH keys" date="2026-01-07T18:01:47.984" /><!-- duration: 16ms -->
        <step title="Building" date="2026-01-07T18:01:47.999" >
          <step title="Running build. Project type: OneDeploy" date="2026-01-07T18:01:48.015" /><!-- duration: 0ms -->
          <step title="Copying the manifest" date="2026-01-07T18:01:48.030" /><!-- duration: 0ms -->
          <step title="Clean deploying to C:\home\site\wwwroot" date="2026-01-07T18:01:48.062" /><!-- duration: 0ms -->
          <step title="Generating deployment script." date="2026-01-07T18:01:48.077" /><!-- duration: 0ms -->
          <step title="Generating deployment script" date="2026-01-07T18:01:48.077" >
            <step title="Using cached version of the deployment script for command: -y --no-dot-deployment -r &quot;C:\local\Temp\zipdeploy\extracted&quot; -o &quot;C:\home\site\deployments\tools&quot; --basic --sitePath &quot;C:\local\Temp\zipdeploy\extracted&quot;" date="2026-01-07T18:01:48.109" /><!-- duration: 0ms -->
            <step title="Using cached version of deployment script (command: &apos;azure -y --no-dot-deployment -r &quot;C:\local\Temp\zipdeploy\extracted&quot; -o &quot;C:\home\site\deployments\tools&quot; --basic --sitePath &quot;C:\local\Temp\zipdeploy\extracted&quot;&apos;)." date="2026-01-07T18:01:48.124" /><!-- duration: 0ms -->
          </step><!-- duration: 63ms -->
          <step title="Running deployment command..." date="2026-01-07T18:01:48.155" /><!-- duration: 0ms -->
          <step title="Command: &quot;C:\home\site\deployments\tools\deploy.cmd&quot;" date="2026-01-07T18:01:48.171" /><!-- duration: 0ms -->
          <step title="Executing external process" date="2026-01-07T18:01:48.171" type="process" path="starter.cmd" arguments="&quot;C:\home\site\deployments\tools\deploy.cmd&quot;" >
            <step title="Handling Basic Web Site deployment." date="2026-01-07T18:01:48.296" /><!-- duration: 0ms -->
            <step title="Creating app_offline.htm" date="2026-01-07T18:01:50.859" /><!-- duration: 0ms -->
            <step title="KuduSync.NET from: &apos;C:\local\Temp\zipdeploy\extracted&apos; to: &apos;C:\home\site\wwwroot&apos;" date="2026-01-07T18:01:50.859" /><!-- duration: 16ms -->
            <step title="Copying file: &apos;appsettings.json&apos;" date="2026-01-07T18:01:50.874" /><!-- duration: 0ms -->
            <step title="Copying file: &apos;SaCompliance.Api.deps.json&apos;" date="2026-01-07T18:01:50.874" /><!-- duration: 0ms -->
            <step title="Copying file: &apos;SaCompliance.Api.dll&apos;" date="2026-01-07T18:01:50.890" /><!-- duration: 0ms -->
            <step title="Copying file: &apos;SaCompliance.Api.exe&apos;" date="2026-01-07T18:01:50.890" /><!-- duration: 0ms -->
            <step title="Copying file: &apos;SaCompliance.Api.pdb&apos;" date="2026-01-07T18:01:50.890" /><!-- duration: 0ms -->
            <step title="Copying file: &apos;SaCompliance.Infrastructure.dll&apos;" date="2026-01-07T18:01:50.906" /><!-- duration: 0ms -->
            <step title="Copying file: &apos;SaCompliance.Infrastructure.pdb&apos;" date="2026-01-07T18:01:50.906" /><!-- duration: 0ms -->
            <step title="Copying file: &apos;publish\publish\appsettings.Development.json&apos;" date="2026-01-07T18:01:50.906" /><!-- duration: 16ms -->
            <step title="Copying file: &apos;publish\publish\appsettings.json&apos;" date="2026-01-07T18:01:50.921" /><!-- duration: 0ms -->
            <step title="Copying file: &apos;publish\publish\SaCompliance.Api.deps.json&apos;" date="2026-01-07T18:01:50.921" /><!-- duration: 16ms -->
            <step title="Copying file: &apos;publish\publish\SaCompliance.Api.runtimeconfig.json&apos;" date="2026-01-07T18:01:50.937" /><!-- duration: 0ms -->
            <step title="Copying file: &apos;publish\publish\web.config&apos;" date="2026-01-07T18:01:50.937" /><!-- duration: 0ms -->
            <step title="Deleting app_offline.htm" date="2026-01-07T18:01:50.952" /><!-- duration: 0ms -->
            <step title="Finished successfully." date="2026-01-07T18:01:50.952" /><!-- duration: 0ms -->
          </step><!-- duration: 2781ms -->
          <step title="Build completed succesfully." date="2026-01-07T18:01:50.968" /><!-- duration: 0ms -->
          <step title="Running post deployment command(s)..." date="2026-01-07T18:01:50.984" /><!-- duration: 16ms -->
          <step title="Requesting site restart" date="2026-01-07T18:01:51.015" /><!-- duration: 0ms -->
          <step title="Requesting site restart" date="2026-01-07T18:01:51.015" /><!-- duration: 0ms -->
          <step title="Requesting site restart. Attempt #1" date="2026-01-07T18:01:51.046" /><!-- duration: 0ms -->
          <step title="Requesting site restart. Attempt #1" date="2026-01-07T18:01:51.046" /><!-- duration: 0ms -->
          <step title="Successfully requested a restart. Attempt #1" date="2026-01-07T18:01:51.406" /><!-- duration: 0ms -->
          <step title="Successfully requested a restart. Attempt #1" date="2026-01-07T18:01:51.406" /><!-- duration: 16ms -->
          <step title="Deployment successful. DEPLOYMENTINFO: deploymentPath = OneDeploy, deployer = OneDeploy, os = windows, sku = Free, siteName = sa-compliance-api-2026, siteHostName = sa-compliance-api-2026.azurewebsites.net, deploymentStatus = Success" date="2026-01-07T18:01:51.421" /><!-- duration: 16ms -->
        </step><!-- duration: 3484ms -->
      </step><!-- duration: 3625ms -->
      <step title="Cleaning up temp files" date="2026-01-07T18:01:51.515" /><!-- duration: 0ms -->
      <step title="Skip function trigger and logicapp sync because function is not enabled." date="2026-01-07T18:01:51.531" /><!-- duration: 0ms -->
    </step><!-- duration: 5063ms -->
    <step title="LockFile &apos;C:\home\site\locks\deployments.lock&apos; released" date="2026-01-07T18:01:51.546" /><!-- duration: 0ms -->
    <step title="Deleting shutdown sentinel file" date="2026-01-07T18:01:51.546" SemaphoreCount="8" /><!-- duration: 0ms -->
  </step><!-- duration: 39986ms -->
  <step title="Outgoing response" date="2026-01-07T18:01:51.562" type="response" statusCode="200" statusText="OK" Server="Microsoft-IIS/10.0" x-ms-request-id="d42c2877-ebf2-11f0-8dcd-2016b9389b03" Cache-Control="private" X-AspNet-Version="4.0.30319" /><!-- duration: 0ms -->
</step><!-- duration: 40049ms -->
