﻿<?xml version="1.0" encoding="utf-8"?>
<deployment>
  <id>b4ea2334b90040ae895e3c0d59b648df</id>
  <author>N/A</author>
  <deployer>ZipDeploy</deployer>
  <authorEmail>N/A</authorEmail>
  <message>Created via a push deployment</message>
  <progress></progress>
  <status>Success</status>
  <statusText></statusText>
  <lastSuccessEndTime>2026-01-07T17:22:54.1067312Z</lastSuccessEndTime>
  <receivedTime>2026-01-07T17:22:52.8254214Z</receivedTime>
  <startTime>2026-01-07T17:22:52.8722953Z</startTime>
  <endTime>2026-01-07T17:22:54.1067312Z</endTime>
  <complete>True</complete>
  <is_temp>False</is_temp>
  <is_readonly>True</is_readonly>
  <project_type>BASIC</project_type>
  <vsproject_id></vsproject_id>
</deployment>