﻿<?xml version="1.0" encoding="utf-8"?>
<deployment>
  <id>f5d9bb3092604211a05c21a70e3a79af</id>
  <author>N/A</author>
  <deployer>OneDeploy</deployer>
  <authorEmail>N/A</authorEmail>
  <message>OneDeploy</message>
  <progress></progress>
  <status>Success</status>
  <statusText></statusText>
  <lastSuccessEndTime>2026-01-07T18:04:25.1464744Z</lastSuccessEndTime>
  <receivedTime>2026-01-07T18:04:23.0995789Z</receivedTime>
  <startTime>2026-01-07T18:04:23.1464555Z</startTime>
  <endTime>2026-01-07T18:04:25.1464744Z</endTime>
  <complete>True</complete>
  <is_temp>False</is_temp>
  <is_readonly>True</is_readonly>
  <project_type>OneDeploy</project_type>
  <vsproject_id></vsproject_id>
</deployment>