﻿<?xml version="1.0" encoding="utf-8"?>
<deployment>
  <id>d790a3a3296d4768813b49f4671340d9</id>
  <author>N/A</author>
  <deployer>OneDeploy</deployer>
  <authorEmail>N/A</authorEmail>
  <message>OneDeploy</message>
  <progress></progress>
  <status>Success</status>
  <statusText></statusText>
  <lastSuccessEndTime>2026-01-07T17:26:54.6147107Z</lastSuccessEndTime>
  <receivedTime>2026-01-07T17:26:53.6615811Z</receivedTime>
  <startTime>2026-01-07T17:26:53.7240806Z</startTime>
  <endTime>2026-01-07T17:26:54.6147107Z</endTime>
  <complete>True</complete>
  <is_temp>False</is_temp>
  <is_readonly>True</is_readonly>
  <project_type>OneDeploy</project_type>
  <vsproject_id></vsproject_id>
</deployment>